from,to,weight,prob
0,1,13,0.8724651499279499
0,2,27,0.8709413642492037
0,3,79,0.6760816497888249
0,4,13,0.6781085719584777
0,5,87,0.6579607909051591
0,6,93,0.8603974920770707
0,7,67,0.8267797051627725
0,8,10,0.8776422101389302
0,9,64,0.7520751549553976
0,10,53,0.6806630829559547
0,11,55,0.9042483099042379
0,12,15,0.8689195360081453
0,13,58,0.6736400594235374
0,14,90,0.8355559257092738
0,15,83,0.707686577076998
0,16,94,0.7183694826954641
0,17,20,0.906595316304544
0,18,58,0.7333920809330277
0,19,56,0.6987962291468255
0,20,95,0.730093346614734
0,21,92,0.6714207528735645
0,22,78,0.8687380393851047
0,23,58,0.7309843480352833
0,24,98,0.8170849231323939
0,25,17,0.7187144215892314
0,26,50,0.7703494361066987
0,27,82,0.9129102879418006
0,28,93,0.7997693778476832
0,29,92,0.7876555557762196
0,30,41,0.8734966946274819
0,31,84,0.778530148188374
0,32,56,0.715796227747185
0,33,75,0.7980547504668893
0,34,24,0.6958523958044783
0,35,97,0.7766479900399053
0,36,58,0.8287665285083384
0,37,42,0.9413235132840854
0,38,11,0.8540850230769556
0,39,78,0.875263339877483
0,40,53,0.683465652078763
0,41,68,0.6509735948305188
0,42,43,0.9415664296610342
0,43,74,0.9237883518034461
0,44,48,0.9025008044517401
0,45,35,0.6958517805648905
0,46,79,0.9360499242960507
0,47,10,0.8296833753380687
0,48,24,0.9287295848793851
0,49,49,0.7218356931014176
0,50,82,0.9340848335893982
0,51,72,0.8948069760260265
0,52,78,0.8797503287920962
0,53,70,0.9340546039114972
0,54,77,0.9117299123255772
0,55,37,0.928674047900653
0,56,98,0.7103453190169088
0,57,95,0.844963417291836
0,58,76,0.785445842417339
0,59,18,0.7514256686442367
0,60,39,0.8265320343231053
0,61,100,0.8393308871810297
0,62,14,0.9078906200761239
0,63,40,0.7335431791893641
0,64,79,0.6896935546175075
0,65,83,0.82286349491627
0,66,70,0.892249099329993
0,67,22,0.847694824854399
0,68,62,0.7901074004110025
0,69,96,0.8460366464797374
0,70,17,0.7707863846306806
0,71,23,0.7245969001760857
0,72,67,0.6920546891284324
0,73,69,0.7249419343646302
0,74,66,0.8924066734195107
0,75,22,0.6651764988574644
0,76,11,0.9406988771854253
0,77,40,0.6998933331811742
0,78,37,0.9093951182090646
0,79,31,0.7636919356930748
0,80,43,0.9279554220677999
0,81,46,0.7769022457970489
0,82,81,0.8485613935852235
0,83,34,0.7390123476483692
0,84,84,0.870721153636713
1,2,50,0.6671495818722449
1,3,74,0.9258161392496225
1,4,17,0.9382336709823351
1,5,33,0.6705563998111377
1,6,40,0.7711326653954832
1,7,82,0.7238646043365875
1,8,89,0.6745950216484626
1,9,82,0.8068348146595876
1,10,36,0.8509177924309488
1,11,43,0.7687357540373764
1,12,48,0.7871673717711356
1,13,19,0.652794637065274
1,14,82,0.9488289343565283
1,15,37,0.8017654082146296
1,16,54,0.9142592521059318
1,17,57,0.735496217364997
1,18,79,0.8610619775262113
1,19,93,0.808682207780681
1,20,80,0.7398136256599934
1,21,27,0.7293397764461383
1,22,80,0.6966343729324972
1,23,36,0.8652836561416394
1,24,91,0.9058738446175691
1,25,42,0.9216009473237969
1,26,21,0.8402853341927583
1,27,15,0.6510637067263347
1,28,91,0.9439393861486507
1,29,66,0.8155041263379174
1,30,11,0.6835621641768005
1,31,98,0.9211785714679679
1,32,57,0.8247528699469382
1,33,26,0.6625486574506574
1,34,15,0.9196773909579423
1,35,41,0.8500800231906629
1,36,81,0.9152404104353027
1,37,89,0.8748432833430617
1,38,40,0.9093817088659892
1,39,32,0.9144248613989973
1,40,52,0.8847159488442895
1,41,95,0.9092192085125839
1,42,44,0.6977593528942194
1,43,58,0.9116500348718268
1,44,38,0.7098718490077256
1,45,54,0.7415572602015802
1,46,39,0.7168770641617427
1,47,61,0.748478585359312
1,48,45,0.7553438387248257
1,49,96,0.944344906159478
1,50,13,0.6846025255554283
1,51,32,0.8241769201216124
1,52,14,0.6825207641644133
1,53,50,0.7809181651611824
1,54,24,0.7655586300034182
1,55,42,0.6633159601139693
1,56,76,0.9276725496497248
1,57,95,0.7091105387305203
1,58,95,0.9262312568654121
1,59,94,0.9044045838519006
1,60,48,0.8021367512105807
1,61,51,0.7707201161173174
1,62,26,0.7075520278970443
1,63,58,0.8531953835818198
1,64,88,0.8207315764597428
1,65,10,0.7411624847805062
1,66,84,0.8319984711439288
1,67,66,0.7826479397914422
1,68,70,0.8881206197318006
1,69,31,0.8476552234995265
1,70,94,0.8398822567297387
1,71,40,0.8518387011671501
1,72,35,0.6942061886737318
1,73,70,0.8333821919182041
1,74,68,0.7743323032993158
1,75,34,0.8655037746496965
1,76,61,0.7231953318735317
1,77,10,0.91779794786341
1,78,23,0.8835261220301975
1,79,99,0.8053873251331223
1,80,41,0.925241004336632
1,81,27,0.8904249805166793
1,82,81,0.8286356955408258
1,83,66,0.8337956968285288
1,84,74,0.7780222270575967
2,3,67,0.9191624309699786
2,4,70,0.7850209271740725
2,5,91,0.7331934059392221
2,6,72,0.8380245310945343
2,7,19,0.8640634587833169
2,8,52,0.7459128705256287
2,9,27,0.695249197403926
2,10,29,0.8619257425083656
2,11,62,0.7492644173114251
2,12,17,0.7120503168543231
2,13,84,0.93381861007703
2,14,83,0.7641143086783135
2,15,55,0.7395837957117151
2,16,63,0.8114661702830694
2,17,87,0.9193434042197586
2,18,44,0.780750792813991
2,19,53,0.8506620861868751
2,20,31,0.9021516989187676
2,21,89,0.8102370888597513
2,22,85,0.8193175949074323
2,23,92,0.7785838308983284
2,24,33,0.6650853900465883
2,25,37,0.7864097975049447
2,26,58,0.7334769846916418
2,27,63,0.7256814595347142
2,28,12,0.8747072783248552
2,29,54,0.7172666497159245
2,30,93,0.66207744126223
2,31,41,0.7098082047087599
2,32,29,0.7215634825666718
2,33,24,0.8191908745790057
2,34,99,0.726873108968656
2,35,87,0.8321742481672795
2,36,24,0.8833375658526298
2,37,49,0.682429624897282
2,38,49,0.8227390185237242
2,39,58,0.7689963324549882
2,40,19,0.8276293583749557
2,41,41,0.680570391633793
2,42,97,0.8301234844450532
2,43,82,0.8847906039083059
2,44,64,0.8484564022062068
2,45,92,0.752369352458385
2,46,72,0.6816616611931996
2,47,91,0.9174725044415308
2,48,29,0.7806461435023031
2,49,93,0.7310247189162202
2,50,78,0.8823924351114724
2,51,85,0.7305186614147676
2,52,21,0.7336784747577411
2,53,69,0.8209548934034967
2,54,53,0.6586099993310269
2,55,33,0.7962649797174033
2,56,43,0.7521016529492851
2,57,99,0.914032203576569
2,58,76,0.9344187733331093
2,59,62,0.7965733540546363
2,60,98,0.7928279332352495
2,61,67,0.8878798604396951
2,62,38,0.7713203386033785
2,63,94,0.8244666755997101
2,64,77,0.7531272182438608
2,65,80,0.749237389158779
2,66,44,0.7419868974046491
2,67,34,0.744664383201796
2,68,98,0.7055449527312986
2,69,71,0.7329498880906068
2,70,77,0.8290372221536905
2,71,34,0.7388739389795433
2,72,48,0.6542445101768192
2,73,45,0.6636547102949655
2,74,47,0.8592252178730583
2,75,72,0.6807762940363282
2,76,46,0.7908190834791531
2,77,33,0.9396492929414884
2,78,71,0.6842261422174774
2,79,72,0.6722246510766919
2,80,16,0.695518102085287
2,81,48,0.675554272518869
2,82,81,0.8793330335978582
2,83,89,0.7177061411195104
2,84,67,0.9225513132871411
3,4,85,0.9470093781400393
3,5,89,0.6680690913117623
3,6,22,0.9342770600976134
3,7,37,0.7293938375870023
3,8,40,0.7021440644979303
3,9,10,0.772555271798008
3,10,70,0.7373777867093083
3,11,100,0.7348155119336863
3,12,19,0.8562154760213728
3,13,90,0.8269368767615773
3,14,35,0.7775416898312635
3,15,92,0.6946968203225987
3,16,28,0.6714229510567442
3,17,49,0.8285132111958213
3,18,46,0.7817460346021212
3,19,48,0.8599201054927151
3,20,74,0.8119944687794042
3,21,86,0.6619582352550839
3,22,51,0.8311140922837732
3,23,39,0.938573330657851
3,24,83,0.826136879512935
3,25,96,0.8964263735775151
3,26,32,0.7911502469754901
3,27,45,0.7044467441669378
3,28,91,0.894273483362181
3,29,70,0.7543883168883951
3,30,95,0.6813799653747672
3,31,62,0.8581021021950297
3,32,61,0.8940698104213918
3,33,68,0.6764179378327366
3,34,24,0.9410554180425731
3,35,75,0.8974781609806103
3,36,79,0.7885929034946432
3,37,76,0.7585338077455026
3,38,90,0.7826122867166785
3,39,44,0.8147658917255995
3,40,66,0.9142539852073417
3,41,13,0.9419440447465083
3,42,40,0.8629348475300778
3,43,11,0.8156754227161199
3,44,24,0.788434368253635
3,45,29,0.7995126514121585
3,46,75,0.8616234889777561
3,47,71,0.9440733897810125
3,48,80,0.6933925905456826
3,49,86,0.8024722674778682
3,50,18,0.7328742208466122
3,51,63,0.7519625729342887
3,52,44,0.8961648419556735
3,53,48,0.9012427767819264
3,54,94,0.7968921039967103
3,55,78,0.7953024156655161
3,56,79,0.7631630162641658
3,57,34,0.9442323893997783
3,58,59,0.7200687338173679
3,59,15,0.7454528981701399
3,60,58,0.7658236257472947
3,61,93,0.9442454415979356
3,62,14,0.6878738809428167
3,63,52,0.9109100940086645
3,64,66,0.6799135093225935
3,65,11,0.8667331482711927
3,66,93,0.9409870382123318
3,67,43,0.7515683702154295
3,68,93,0.6740945961738347
3,69,96,0.9078026552504799
3,70,50,0.8380397537023963
3,71,72,0.9117149052195608
3,72,18,0.7204310729306065
3,73,46,0.9492277768868645
3,74,65,0.9435013184661636
3,75,100,0.9117737697821271
3,76,98,0.7398398240732195
3,77,51,0.8888430395486635
3,78,57,0.77920603635662
3,79,62,0.8197784185747811
3,80,31,0.7025208065188714
3,81,58,0.8359131105612245
3,82,84,0.692935316038553
3,83,42,0.7878711497530193
3,84,69,0.9203628270796649
4,5,30,0.6721585700848619
4,6,85,0.7397462747371316
4,7,98,0.7250294673223103
4,8,35,0.9498120696500537
4,9,23,0.7211617105782724
4,10,83,0.7387617170647354
4,11,12,0.9433833453730587
4,12,45,0.6524293897284471
4,13,16,0.9231850861156131
4,14,46,0.8827222938810142
4,15,55,0.7157013616784317
4,16,42,0.8533293375870078
4,17,94,0.8542565282546069
4,18,22,0.9210211112218903
4,19,49,0.8865831452030462
4,20,56,0.8697079303817714
4,21,47,0.7480157377142032
4,22,35,0.6896479393240351
4,23,56,0.8092557121108355
4,24,31,0.7270910253689787
4,25,71,0.9402152228500436
4,26,53,0.8912697615813532
4,27,19,0.6922271045017648
4,28,96,0.8672650136226554
4,29,81,0.7597325148216699
4,30,11,0.7293375735057271
4,31,57,0.8518485145621261
4,32,84,0.7643076497817426
4,33,57,0.6825038306597693
4,34,13,0.8358640601133589
4,35,51,0.9245767726229478
4,36,18,0.8406211767133818
4,37,99,0.7406570523587751
4,38,27,0.6636040433040147
4,39,73,0.6848361442175328
4,40,78,0.690699214611901
4,41,95,0.9348142305235716
4,42,79,0.7757380260244169
4,43,29,0.9156241351698737
4,44,72,0.8346956642153469
4,45,45,0.6598148860565141
4,46,66,0.783408757933725
4,47,56,0.6798063873818391
4,48,79,0.9205088637273964
4,49,17,0.7694418928233119
4,50,25,0.9347032364786412
4,51,21,0.8488306214185934
4,52,86,0.9413279936194958
4,53,52,0.723070669149207
4,54,82,0.711561672542863
4,55,80,0.7121472111039976
4,56,39,0.7485678660296691
4,57,86,0.6508506654440049
4,58,28,0.9462581913098517
4,59,32,0.6829779043668307
4,60,26,0.6544580981692126
4,61,40,0.8266558766151326
4,62,43,0.665719705358353
4,63,77,0.684094792035964
4,64,67,0.8834051117942607
4,65,23,0.7856016259726256
4,66,88,0.6630095110697515
4,67,94,0.8064353644139253
4,68,13,0.6682476222483518
4,69,61,0.7778820857839975
4,70,66,0.6720472147299351
4,71,87,0.6945001476981094
4,72,89,0.8399230172903046
4,73,51,0.7642713196455563
4,74,47,0.7861146252726414
4,75,22,0.8879288279304938
4,76,93,0.8452749994643916
4,77,37,0.7790209824999159
4,78,62,0.7516794856505525
4,79,63,0.8688837522903513
4,80,50,0.8495323589180926
4,81,29,0.856046310640093
4,82,21,0.8995315665424564
4,83,22,0.8733766907575636
4,84,26,0.816911220684605
5,6,81,0.8185050144709184
5,7,62,0.7560794238901303
5,8,64,0.9104276446607195
5,9,46,0.8301230273674031
5,10,83,0.8022237640904012
5,11,71,0.7172734607322697
5,12,81,0.760268315184605
5,13,83,0.7178477282983542
5,14,81,0.9423639806377124
5,15,88,0.8524930133879911
5,16,87,0.9287252872984808
5,17,44,0.6586859543183805
5,18,49,0.9264612563099517
5,19,33,0.9109588119609314
5,20,61,0.6708756263745009
5,21,13,0.6775273049163336
5,22,58,0.7759497481293509
5,23,57,0.7434912109112649
5,24,82,0.8288671316615277
5,25,29,0.697222969132146
5,26,96,0.674474458259574
5,27,64,0.7956985114672989
5,28,44,0.7146706896013241
5,29,54,0.7789740900193671
5,30,96,0.8279402751176791
5,31,49,0.6636252087813282
5,32,86,0.6664345875554243
5,33,37,0.8802048581925812
5,34,47,0.7484367067813523
5,35,65,0.7027084405627527
5,36,100,0.7190332148229979
5,37,95,0.8918600559700292
5,38,15,0.7808658786536936
5,39,19,0.9086330040836199
5,40,83,0.7713268653515704
5,41,47,0.6845520117991395
5,42,51,0.7015619541734207
5,43,68,0.8996077739215121
5,44,21,0.7810135338704683
5,45,65,0.8266613864908736
5,46,60,0.9111573248586234
5,47,38,0.7499205867479396
5,48,75,0.8399674000904559
5,49,34,0.921776819474015
5,50,92,0.8945111017250043
5,51,28,0.7267904666005189
5,52,29,0.8780645886640676
5,53,32,0.9353876421738745
5,54,69,0.8763337475740958
5,55,67,0.8543400434944501
5,56,92,0.840589495718178
5,57,90,0.744841668347174
5,58,70,0.7826624191508854
5,59,45,0.8274259270493063
5,60,19,0.7431223551818933
5,61,17,0.7606212798469438
5,62,92,0.9092750101775717
5,63,88,0.8282239455887701
5,64,84,0.8162949114014911
5,65,15,0.7849201110952719
5,66,93,0.7064718395207675
5,67,74,0.6952583230086916
5,68,23,0.8932900433967862
5,69,20,0.8013647004502872
5,70,41,0.8622865112969836
5,71,77,0.8068244105796637
5,72,57,0.9253810367350881
5,73,53,0.8536693161678743
5,74,90,0.844191607090792
5,75,22,0.8173889637255207
5,76,42,0.8671200965007385
5,77,87,0.9119838986181616
5,78,84,0.8490836318018176
5,79,49,0.9403089523078234
5,80,60,0.688685497481468
5,81,20,0.7428745662247883
5,82,52,0.8939554351444403
5,83,97,0.9237343956374973
5,84,95,0.7770219098966311
6,7,56,0.7426598210191643
6,8,53,0.934300480260304
6,9,38,0.9499929863309085
6,10,47,0.903328516605765
6,11,79,0.9005359479903667
6,12,14,0.8485787712114252
6,13,89,0.6893147124288524
6,14,30,0.704253790150609
6,15,89,0.8927131158917903
6,16,66,0.6631077283863543
6,17,40,0.9408765810225874
6,18,67,0.7202008833006274
6,19,70,0.9211923014412374
6,20,96,0.9341390510732368
6,21,69,0.8808315655926727
6,22,74,0.8082379365384448
6,23,35,0.8903777672454642
6,24,42,0.6656539409783014
6,25,57,0.8163622236273294
6,26,76,0.9053498144254336
6,27,30,0.731837389877407
6,28,28,0.8993140155914557
6,29,38,0.8950109767566501
6,30,13,0.7744690717457017
6,31,57,0.7207334221590298
6,32,57,0.7173616275821348
6,33,22,0.9017528862834816
6,34,28,0.6912798763177616
6,35,70,0.858821596572795
6,36,100,0.7907330381466481
6,37,20,0.6557011654732912
6,38,29,0.8146412736331506
6,39,77,0.7769764276843969
6,40,40,0.740345358375866
6,41,63,0.8416855196518431
6,42,18,0.6832573685870045
6,43,86,0.8108161352942184
6,44,83,0.722581440326298
6,45,64,0.6504693007800197
6,46,83,0.774970278562562
6,47,20,0.8070453673034634
6,48,77,0.81322458797841
6,49,74,0.8162455857254587
6,50,70,0.663060327550033
6,51,57,0.7260950783207638
6,52,18,0.7534407479490174
6,53,90,0.6810991602499069
6,54,52,0.6900228769578092
6,55,53,0.8940526596668263
6,56,97,0.7893868699241113
6,57,90,0.704683399524162
6,58,68,0.6610951370599327
6,59,35,0.9157371156854315
6,60,49,0.8046150767763496
6,61,79,0.7920199303030531
6,62,92,0.7073310292201733
6,63,16,0.9097394831234172
6,64,25,0.8898027234554718
6,65,61,0.8729923116558863
6,66,59,0.7517109885224482
6,67,98,0.7992570177480882
6,68,76,0.7300162087406548
6,69,64,0.6736781018166403
6,70,33,0.813642319203391
6,71,20,0.7483759716024679
6,72,67,0.8307864883191799
6,73,98,0.7831725143303282
6,74,55,0.8344554446596293
6,75,91,0.9440081837582837
6,76,19,0.8513551666681003
6,77,75,0.890328792668651
6,78,13,0.692833840508765
6,79,66,0.6604396897395626
6,80,92,0.7598985419321446
6,81,82,0.6597155971939002
6,82,67,0.9346470587796669
6,83,19,0.8221765335001687
6,84,60,0.7443156323944644
7,8,24,0.657774002259243
7,9,76,0.7660962140117791
7,10,43,0.8824893450594464
7,11,37,0.9489095336464282
7,12,72,0.7100535022973361
7,13,19,0.7856128055736192
7,14,66,0.9491787212069125
7,15,50,0.8503519371466903
7,16,80,0.8126514083676687
7,17,30,0.8635427312021637
7,18,91,0.70222730292461
7,19,38,0.6864087365235371
7,20,27,0.7210208552860612
7,21,56,0.8162064311778785
7,22,80,0.6889313689141311
7,23,18,0.7427872152585386
7,24,71,0.80770869644909
7,25,83,0.6721252138733718
7,26,92,0.6722495059295919
7,27,76,0.7533544342108099
7,28,80,0.8419381788099989
7,29,26,0.7797854859445925
7,30,17,0.8994172419402624
7,31,48,0.6993971239670372
7,32,100,0.71764108541464
7,33,76,0.9184777750463373
7,34,42,0.7088905758449221
7,35,45,0.6875510885380708
7,36,78,0.6780285220650728
7,37,85,0.9324820963605787
7,38,94,0.8373437562300997
7,39,53,0.9027590012340166
7,40,13,0.674366856468011
7,41,83,0.7293967723499164
7,42,83,0.7749760350989738
7,43,73,0.9166990644346863
7,44,92,0.9369950509863214
7,45,97,0.7718277580233676
7,46,98,0.6679739098804007
7,47,71,0.7893326473326006
7,48,28,0.7437747497740799
7,49,54,0.942612238374464
7,50,57,0.8044940402246666
7,51,40,0.7899417701121909
7,52,41,0.692263290502455
7,53,59,0.9092491551087292
7,54,30,0.8940433539318349
7,55,50,0.7069502303670079
7,56,75,0.7900445353212051
7,57,73,0.6569528894649054
7,58,74,0.7871691926569193
7,59,84,0.7558685266569066
7,60,73,0.8292556313030559
7,61,96,0.7911760560104587
7,62,23,0.7792783308042621
7,63,56,0.8791570292485968
7,64,61,0.6653473062149025
7,65,56,0.8159668779863455
7,66,74,0.7851063141921254
7,67,89,0.8541195920356582
7,68,22,0.7681711138185822
7,69,53,0.8173495514816386
7,70,28,0.709717364465735
7,71,74,0.6620764718472287
7,72,52,0.8911897565582636
7,73,29,0.8318781567211412
7,74,51,0.9294106206589969
7,75,60,0.947184721268342
7,76,48,0.8281173966892961
7,77,75,0.8097019489627629
7,78,48,0.79246777999941
7,79,52,0.852141917741905
7,80,84,0.7423033501135293
7,81,98,0.838778144180731
7,82,43,0.9401212088516152
7,83,84,0.8232903187592548
7,84,84,0.7941346351143241
8,9,89,0.8823818389501432
8,10,97,0.7226589680423674
8,11,99,0.6829686564001091
8,12,50,0.775634089450757
8,13,36,0.7731132227968115
8,14,70,0.9118453126736961
8,15,17,0.8617325696455296
8,16,81,0.7475148603278164
8,17,77,0.7630474328557088
8,18,68,0.9236372482772031
8,19,55,0.8527605729669103
8,20,97,0.8429927299998384
8,21,88,0.7952540305083934
8,22,45,0.8174259952422213
8,23,48,0.881352280726293
8,24,98,0.861496477922059
8,25,54,0.8181462770708658
8,26,45,0.7363368126493859
8,27,79,0.7639082556123148
8,28,54,0.9363826590174383
8,29,47,0.6626199460498177
8,30,20,0.7539090542286849
8,31,42,0.8742015499154014
8,32,78,0.7313398165993927
8,33,44,0.6911818864402769
8,34,85,0.7217846197838889
8,35,77,0.7177014938844991
8,36,22,0.7739904098144776
8,37,22,0.8543575959744291
8,38,80,0.9433732135499261
8,39,93,0.9305096295788454
8,40,71,0.8451616075622796
8,41,46,0.74635031063575
8,42,21,0.8456896191257238
8,43,14,0.9239689177009558
8,44,32,0.93017678317346
8,45,60,0.8863881889627514
8,46,47,0.9130229503753771
8,47,82,0.830834889651762
8,48,52,0.7353684957050138
8,49,79,0.8072955604506562
8,50,27,0.905317921573399
8,51,34,0.8926441634729059
8,52,68,0.8444856016127724
8,53,11,0.8709853686476771
8,54,82,0.8523203419684233
8,55,88,0.9068439512820372
8,56,64,0.8045841976879388
8,57,95,0.6786155317383584
8,58,71,0.7470805010255248
8,59,43,0.7650723172028092
8,60,44,0.9362104467964738
8,61,83,0.6534307202582504
8,62,98,0.7208907732265987
8,63,69,0.7420419026010859
8,64,74,0.926931804184135
8,65,49,0.8570871132256442
8,66,47,0.7602631709306511
8,67,27,0.7934545699205672
8,68,87,0.7620874525960809
8,69,70,0.8772051569912978
8,70,37,0.8785578859913321
8,71,86,0.91194051754632
8,72,67,0.8084519372219581
8,73,82,0.683662637461181
8,74,74,0.7106470336899944
8,75,31,0.748435291322662
8,76,24,0.8540885713817212
8,77,72,0.6772824933355064
8,78,17,0.7860296900539345
8,79,68,0.819173355529614
8,80,96,0.8920746057663177
8,81,60,0.7263371657202837
8,82,37,0.8234933795177106
8,83,54,0.8601154634291528
8,84,17,0.9303748396654838
9,10,70,0.6595204613069238
9,11,27,0.8797483048771135
9,12,92,0.9391347700812561
9,13,58,0.7845611397988057
9,14,58,0.7626936601405963
9,15,94,0.9123661165072774
9,16,54,0.6855899501855827
9,17,60,0.8086527618632028
9,18,38,0.9004464835006146
9,19,48,0.788901170358434
9,20,64,0.8095800825490276
9,21,41,0.7881875835645789
9,22,34,0.93122310834052
9,23,24,0.6596651944729943
9,24,88,0.879816040254171
9,25,12,0.7221998882429636
9,26,86,0.6600728827262843
9,27,100,0.9116637253359176
9,28,15,0.7706796052432718
9,29,37,0.8763157126241853
9,30,27,0.8011687546822803
9,31,83,0.7456711089107576
9,32,96,0.8955147467270459
9,33,28,0.9457086682175377
9,34,62,0.7401502861272259
9,35,85,0.9139141672891649
9,36,90,0.8536250369858754
9,37,16,0.9416870706031057
9,38,95,0.7643463897387786
9,39,99,0.7748973900264334
9,40,58,0.7051636936241749
9,41,40,0.9048022796780122
9,42,100,0.6933055247495535
9,43,17,0.8187157848760727
9,44,81,0.8089975442009257
9,45,42,0.7110010199180163
9,46,67,0.9041400157758835
9,47,34,0.6654609887342041
9,48,87,0.8308766134967227
9,49,34,0.8913951853551635
9,50,95,0.8176551428817582
9,51,52,0.7409564076893473
9,52,37,0.9311479289606743
9,53,25,0.8740637682368725
9,54,41,0.8586878857114946
9,55,60,0.9245379378780669
9,56,46,0.7641985233118768
9,57,55,0.7425266852860785
9,58,73,0.7898012200711851
9,59,70,0.8784886907929134
9,60,36,0.7612114764293776
9,61,82,0.9092254524408446
9,62,12,0.7282322329729309
9,63,84,0.8660035813247667
9,64,35,0.748959585793358
9,65,41,0.7997904447107967
9,66,97,0.7512692852109524
9,67,72,0.9399524801751031
9,68,72,0.7882486995344615
9,69,55,0.7007797132580545
9,70,72,0.7052143318583802
9,71,92,0.937171068173793
9,72,19,0.9335564333602694
9,73,10,0.7737176667246778
9,74,39,0.6703903824996268
9,75,37,0.8017198759079195
9,76,89,0.8413185775281966
9,77,71,0.8477853025969588
9,78,78,0.8154930682733771
9,79,77,0.8666578164877162
9,80,46,0.6551427792807282
9,81,96,0.7791719626028113
9,82,32,0.6821049286083479
9,83,29,0.7222906496940524
9,84,42,0.8945643172139848
10,11,60,0.6737057731443307
10,12,68,0.8195006547343907
10,13,38,0.7399923921019769
10,14,20,0.846120715867746
10,15,14,0.6780501516281329
10,16,80,0.7928015300395673
10,17,99,0.7014150725663143
10,18,65,0.8434721725829906
10,19,22,0.9184373636428098
10,20,39,0.7134251167653641
10,21,82,0.7926500862935819
10,22,19,0.8553286230390924
10,23,79,0.819052959214395
10,24,50,0.6546974285575804
10,25,28,0.8756763409540596
10,26,60,0.9286624820759986
10,27,82,0.7221416582912861
10,28,59,0.8531104897630045
10,29,59,0.8766827793562677
10,30,98,0.8672490710282944
10,31,54,0.6661089295842181
10,32,19,0.7521778239425317
10,33,86,0.7690109147926878
10,34,13,0.8402368842214205
10,35,67,0.7971810368332379
10,36,58,0.7795543838718634
10,37,94,0.7640218140610175
10,38,47,0.8894165521408239
10,39,20,0.7303916092683843
10,40,91,0.6962830671809359
10,41,56,0.6819652753133784
10,42,49,0.7834207594988886
10,43,23,0.6897521013482598
10,44,67,0.8170955096663683
10,45,23,0.6578785712039892
10,46,21,0.8290773665861274
10,47,59,0.6537021844651864
10,48,20,0.8674531532104374
10,49,41,0.8215881292248618
10,50,58,0.7008505235735477
10,51,44,0.7979371826632354
10,52,65,0.732788561480721
10,53,19,0.7583374736868584
10,54,90,0.7987407310168588
10,55,68,0.6820917102742706
10,56,60,0.7496651645934881
10,57,52,0.782066876444376
10,58,93,0.9422676129513821
10,59,51,0.8309633805169439
10,60,71,0.7442549843586324
10,61,50,0.7374344454740159
10,62,72,0.9403289256450815
10,63,51,0.7628165906972442
10,64,60,0.7595046612185713
10,65,35,0.8276681102751157
10,66,97,0.8802853723245094
10,67,69,0.932892474625335
10,68,47,0.8993845426131083
10,69,62,0.8518932957186621
10,70,48,0.7226063503012397
10,71,64,0.8867230289660188
10,72,86,0.7937704099317878
10,73,74,0.927048726201934
10,74,63,0.8130935610162433
10,75,56,0.8604902861166779
10,76,86,0.8414541101032523
10,77,41,0.8472804933742297
10,78,92,0.8338033706939891
10,79,92,0.8532415687592556
10,80,52,0.9397150333141484
10,81,11,0.6795819675745183
10,82,76,0.8173980249029061
10,83,38,0.783733565451472
10,84,96,0.8265769869620442
11,12,54,0.9493108176243961
11,13,47,0.7747926285577138
11,14,24,0.8993953234121415
11,15,54,0.7435671031692624
11,16,36,0.8063344489401415
11,17,22,0.7814497814819081
11,18,50,0.6701523020124378
11,19,100,0.6845255800096358
11,20,92,0.6828088045354321
11,21,41,0.804798170569062
11,22,52,0.817954685746959
11,23,39,0.8893267364912795
11,24,33,0.8421436629980235
11,25,13,0.8712165108638411
11,26,67,0.8276609475081105
11,27,100,0.714438831521089
11,28,100,0.8926189365893782
11,29,23,0.8898507070660129
11,30,56,0.7477954734796456
11,31,43,0.8512104284673255
11,32,91,0.7440212330154422
11,33,60,0.8261014143695654
11,34,68,0.8352088038009274
11,35,100,0.8901840149554121
11,36,85,0.6754255905869083
11,37,25,0.7215718179316372
11,38,57,0.8580309625149336
11,39,63,0.8289277452331795
11,40,64,0.7057261097878297
11,41,98,0.9257482990144046
11,42,32,0.8164737727497492
11,43,27,0.7061295739887208
11,44,89,0.6660833787892511
11,45,11,0.7953826758337051
11,46,59,0.9391487268244819
11,47,73,0.7727403045103625
11,48,100,0.9019675406303668
11,49,20,0.8196193397734926
11,50,38,0.737626972867612
11,51,78,0.7366010930423639
11,52,82,0.8727554755789361
11,53,80,0.8032417940643675
11,54,44,0.8825339083591986
11,55,56,0.8126130137352889
11,56,66,0.8139059824165894
11,57,23,0.8707966092901022
11,58,41,0.7393126805308681
11,59,67,0.7288445674223683
11,60,21,0.7817209710149999
11,61,40,0.7129634502769322
11,62,98,0.7551892523341969
11,63,90,0.7784501183762735
11,64,36,0.8940589596486301
11,65,82,0.7552446436858493
11,66,78,0.7005132093809253
11,67,47,0.7367999730394831
11,68,75,0.9456464906785382
11,69,22,0.6906766719284028
11,70,62,0.9256306135489476
11,71,93,0.6880664505841431
11,72,41,0.6938730330274884
11,73,41,0.8784420762439571
11,74,72,0.6926514899226104
11,75,90,0.7742675268095113
11,76,91,0.8883795892002994
11,77,61,0.8046840416263097
11,78,57,0.7864086947223262
11,79,84,0.6507419255425955
11,80,21,0.8692795812461158
11,81,95,0.8591866933365674
11,82,78,0.7693147604565991
11,83,37,0.7984144842666465
11,84,46,0.7513265465512362
12,13,82,0.9057267728865248
12,14,97,0.8786762067267505
12,15,90,0.8851669285521704
12,16,25,0.9288298626042565
12,17,68,0.6502027794536313
12,18,35,0.9487082206202861
12,19,93,0.7405596513129267
12,20,45,0.6780019953576951
12,21,20,0.7615531302940297
12,22,31,0.6655361825145966
12,23,99,0.8765696471202609
12,24,21,0.8611094119292133
12,25,71,0.6733816164717819
12,26,76,0.8539948175364738
12,27,99,0.7530722450102322
12,28,64,0.8582093003366331
12,29,39,0.7649209777027318
12,30,23,0.6809604599625277
12,31,48,0.6911387884230638
12,32,27,0.8424728445550951
12,33,18,0.8091524829640042
12,34,93,0.6992349649371938
12,35,37,0.8384240115022707
12,36,62,0.8348228037802119
12,37,37,0.6760064100397966
12,38,25,0.8268721753284539
12,39,64,0.7443511004546508
12,40,45,0.8433861704563693
12,41,86,0.8300023601677559
12,42,98,0.6580473218438597
12,43,48,0.7116337154457326
12,44,34,0.8743530922943749
12,45,16,0.8851404798729253
12,46,40,0.79846631598298
12,47,73,0.8414246989650944
12,48,11,0.9460647598529566
12,49,26,0.7660514746475533
12,50,63,0.7596237388544296
12,51,70,0.9363358951822659
12,52,12,0.8262090490777774
12,53,37,0.6619480585811569
12,54,60,0.801983181282478
12,55,74,0.8801330001997172
12,56,61,0.6747283435773938
12,57,88,0.6958041331413412
12,58,20,0.8033914094885994
12,59,29,0.8109170518668375
12,60,91,0.8789672393378462
12,61,92,0.6698345250863645
12,62,40,0.6673717832069391
12,63,65,0.6847959744633105
12,64,17,0.7427870191620578
12,65,32,0.6858329020723662
12,66,99,0.6534051809396579
12,67,54,0.8069016088185225
12,68,43,0.7000888862577143
12,69,44,0.8698807512665124
12,70,13,0.7505033078948583
12,71,77,0.6691615967369444
12,72,83,0.8382598498696163
12,73,75,0.7580371686565259
12,74,82,0.7000644177966292
12,75,23,0.9182805260432786
12,76,24,0.7185213269459754
12,77,15,0.9076067027366053
12,78,15,0.7915293768733214
12,79,29,0.7036882801305355
12,80,14,0.8158594365487594
12,81,93,0.7758107913088396
12,82,63,0.9247564294642685
12,83,19,0.8214607887852374
12,84,96,0.9205823027774813
13,14,76,0.9444241591824485
13,15,18,0.9130973714554924
13,16,49,0.7481902765178357
13,17,11,0.7606758077457647
13,18,48,0.8718727960200254
13,19,57,0.8275072804954449
13,20,35,0.8697390010217799
13,21,41,0.6951699130379659
13,22,13,0.7198993225579229
13,23,98,0.9131595842754725
13,24,10,0.8776787459641036
13,25,49,0.6811847058054679
13,26,40,0.7759447526008536
13,27,28,0.8634957424100308
13,28,39,0.9191862415794377
13,29,99,0.9186733820419579
13,30,20,0.8242311882128798
13,31,91,0.8959888675682648
13,32,82,0.6686848590559875
13,33,26,0.721031520422569
13,34,50,0.927812585534491
13,35,51,0.7454173157798302
13,36,19,0.9330664058090283
13,37,84,0.6826918501155315
13,38,67,0.7898165337309986
13,39,78,0.7574862337812067
13,40,67,0.7424923154637514
13,41,25,0.6771262664145575
13,42,48,0.897916006381895
13,43,15,0.7145062368421065
13,44,28,0.6773638711374046
13,45,55,0.7688733388039313
13,46,48,0.7280500378163672
13,47,13,0.9356289820471231
13,48,81,0.8744235341626128
13,49,69,0.6805722045985536
13,50,25,0.653587076950824
13,51,38,0.6892145712631934
13,52,57,0.855885578610668
13,53,20,0.8246971404242189
13,54,19,0.6565400548215838
13,55,92,0.7830293971507967
13,56,52,0.6867582977772422
13,57,16,0.700396762618717
13,58,60,0.7988379173639766
13,59,64,0.7018421635492368
13,60,33,0.7324945307072727
13,61,29,0.6603948331194518
13,62,41,0.8441835201422241
13,63,80,0.7937092789880463
13,64,59,0.6911708051396195
13,65,77,0.7247443265410238
13,66,79,0.888453873290561
13,67,55,0.7939053316664348
13,68,54,0.9238031049795101
13,69,59,0.7311307054306921
13,70,86,0.7157060564219284
13,71,45,0.6675773690834356
13,72,77,0.7572298678014625
13,73,39,0.9421939585200506
13,74,94,0.7223458385464407
13,75,17,0.8792149171152532
13,76,83,0.90395152713954
13,77,55,0.9305618096274635
13,78,32,0.702830110273997
13,79,99,0.7576349398061186
13,80,100,0.8601682410054254
13,81,82,0.6926306871245255
13,82,73,0.812637380456298
13,83,14,0.6770772130552709
13,84,38,0.6559783969665658
14,15,52,0.9253688557761939
14,16,26,0.7522277132800318
14,17,51,0.6678667888535103
14,18,100,0.9251672442443355
14,19,77,0.9082008399774653
14,20,57,0.8613614028884244
14,21,85,0.6803096510542059
14,22,27,0.9427582014147278
14,23,65,0.8875527574999615
14,24,93,0.7451850179751277
14,25,81,0.8580681194877628
14,26,55,0.7169711641941927
14,27,32,0.7635152324441594
14,28,47,0.6882045094170607
14,29,99,0.9346094479549708
14,30,82,0.6597148228781262
14,31,88,0.7162685751311036
14,32,73,0.6921930104445705
14,33,40,0.7540430374049686
14,34,91,0.9155960760185411
14,35,100,0.851007371334216
14,36,52,0.7839889802293382
14,37,41,0.8579528228963794
14,38,23,0.8661240763990905
14,39,66,0.8697753483496306
14,40,62,0.7979245980421543
14,41,79,0.7626042711021644
14,42,83,0.8452908689340431
14,43,30,0.7853862257459224
14,44,14,0.738472583934839
14,45,23,0.6722601205299978
14,46,58,0.6982713484733963
14,47,21,0.7513851752743808
14,48,71,0.8613513939775375
14,49,93,0.6994991584285742
14,50,30,0.6660667227981787
14,51,34,0.7727839597251938
14,52,79,0.729579430804993
14,53,40,0.6787747764206725
14,54,80,0.9019563514536952
14,55,56,0.6511446716508402
14,56,94,0.8375272861127903
14,57,22,0.6577207078195058
14,58,47,0.9431173087997795
14,59,24,0.7425060200353188
14,60,72,0.9184632450216413
14,61,92,0.8132378087659041
14,62,58,0.7608204994795835
14,63,43,0.7819221268558307
14,64,44,0.8192739763743565
14,65,99,0.8502405377403706
14,66,54,0.8924540472212039
14,67,85,0.7182538275873703
14,68,59,0.8955215644596121
14,69,78,0.8561203797166661
14,70,83,0.9144961608252868
14,71,20,0.7684413095625725
14,72,14,0.8006304410946814
14,73,83,0.8532604656728091
14,74,25,0.9347764449354754
14,75,31,0.941649463501327
14,76,26,0.6628027701900339
14,77,97,0.7806179736597522
14,78,90,0.6943634752201471
14,79,50,0.9232413457194782
14,80,18,0.6761082322629522
14,81,80,0.7478380416109208
14,82,68,0.9251485732349743
14,83,99,0.8369173785766424
14,84,63,0.6837556527877802
15,16,82,0.8263802399844163
15,17,22,0.927478450027782
15,18,22,0.8857236890929032
15,19,54,0.9133680688088164
15,20,93,0.7956754376858992
15,21,14,0.7016599184470195
15,22,89,0.8325965792256881
15,23,14,0.7687378232693095
15,24,98,0.7212737881748922
15,25,44,0.9191094086448268
15,26,48,0.7432847893543839
15,27,99,0.855455608140418
15,28,39,0.6903156562905322
15,29,66,0.8822092700581774
15,30,63,0.8314937397365751
15,31,66,0.7134171506317692
15,32,72,0.8778479885678769
15,33,17,0.804580910782867
15,34,49,0.8628708195093169
15,35,77,0.9137997774079567
15,36,34,0.912554166837625
15,37,17,0.7248470783972838
15,38,56,0.8613901835660109
15,39,69,0.8015379124811491
15,40,25,0.8543523081330132
15,41,72,0.8282130780356454
15,42,70,0.826064074526728
15,43,30,0.9012961310770182
15,44,98,0.6771175763422311
15,45,16,0.6988722216795862
15,46,37,0.9071333562314907
15,47,96,0.7120192958468576
15,48,75,0.6560157072498574
15,49,97,0.6526693958210138
15,50,92,0.7019601969446434
15,51,38,0.7257171324081955
15,52,49,0.8638221464314113
15,53,45,0.7771420401978857
15,54,54,0.7876994056671829
15,55,48,0.8531588469161939
15,56,60,0.8253461467526378
15,57,94,0.9399456363393752
15,58,81,0.8442026360193771
15,59,48,0.8553239407571507
15,60,53,0.9465082897465301
15,61,45,0.7283440723779491
15,62,93,0.7396373335756959
15,63,40,0.9199061134236484
15,64,86,0.7712295278769664
15,65,27,0.8663849592777831
15,66,47,0.7278278818135967
15,67,59,0.8710196287229337
15,68,83,0.8948044103158603
15,69,38,0.8558954332798013
15,70,70,0.9219579516515164
15,71,74,0.7400584485651983
15,72,94,0.9129484353026331
15,73,22,0.7912342618285361
15,74,81,0.8788754654957908
15,75,97,0.9198773473552595
15,76,38,0.7565850188359498
15,77,49,0.7761417704554433
15,78,57,0.7281677706217111
15,79,25,0.791160970301204
15,80,84,0.8240939325339369
15,81,70,0.9168278184411163
15,82,97,0.7645007659416762
15,83,16,0.9112547439059013
15,84,35,0.7528009654787
16,17,68,0.6929672456898915
16,18,33,0.8836823532301443
16,19,90,0.945992111809904
16,20,17,0.6514140504271981
16,21,31,0.8228836747210109
16,22,21,0.6888217872704858
16,23,64,0.7710180441193851
16,24,59,0.6514007412740409
16,25,57,0.9350205846445496
16,26,77,0.7071730129821214
16,27,90,0.8700809722739975
16,28,54,0.7436276781460586
16,29,74,0.8266012064504216
16,30,15,0.7394606760482416
16,31,76,0.8289109755846507
16,32,97,0.9486417229483785
16,33,72,0.7577752659099897
16,34,61,0.6557374199369959
16,35,26,0.7133570687489434
16,36,74,0.7006954225670441
16,37,93,0.8876381465137677
16,38,91,0.7267367521775878
16,39,16,0.8281772203624551
16,40,23,0.8460702855202258
16,41,98,0.6847369479017904
16,42,25,0.8141847154186777
16,43,29,0.7116484746974528
16,44,11,0.7403349364270377
16,45,94,0.806092770256051
16,46,99,0.6911490568939427
16,47,23,0.8034754359396536
16,48,46,0.6842037658052744
16,49,35,0.8327005428070189
16,50,76,0.9419359166957584
16,51,62,0.7386053603001839
16,52,73,0.9231069882386043
16,53,71,0.7491810848590105
16,54,95,0.6767008518581391
16,55,83,0.850706579150492
16,56,21,0.8838578667753308
16,57,22,0.9214338151869745
16,58,68,0.9465997792272811
16,59,69,0.6650240587438843
16,60,15,0.9056746057210129
16,61,96,0.7438121320888292
16,62,22,0.9053737702031522
16,63,11,0.9055996175223464
16,64,31,0.7485982478205727
16,65,89,0.7304928195740481
16,66,57,0.8944892868609489
16,67,61,0.7700750677935255
16,68,59,0.8569707293450942
16,69,63,0.8446539451616791
16,70,24,0.689753472870968
16,71,30,0.6811139317215108
16,72,71,0.8906794352135288
16,73,33,0.8333969474876317
16,74,88,0.6586448688713665
16,75,26,0.7949238969096496
16,76,62,0.7822063640787579
16,77,93,0.7442713834621613
16,78,96,0.8074453736115889
16,79,82,0.7171954757971217
16,80,53,0.8057299037049036
16,81,89,0.6785726415355084
16,82,41,0.7945789031961921
16,83,92,0.7654629852220143
16,84,81,0.917618564489018
17,18,11,0.8430196149670439
17,19,70,0.9055613454338198
17,20,19,0.8754290003142833
17,21,52,0.94104351463502
17,22,38,0.8151486709192037
17,23,40,0.6736491787264375
17,24,83,0.7844295756996121
17,25,67,0.7448184582264129
17,26,93,0.6553307386546805
17,27,14,0.8171393034214499
17,28,21,0.8875349855516923
17,29,91,0.7413793874310945
17,30,36,0.8463787950682812
17,31,53,0.7590027432709433
17,32,38,0.9032952318812757
17,33,89,0.8299853454674788
17,34,56,0.8647740500849466
17,35,94,0.716524132346057
17,36,91,0.9393301050363019
17,37,76,0.7621671081381203
17,38,31,0.7977266426543501
17,39,62,0.6820884516558557
17,40,34,0.6862237422098583
17,41,37,0.7871138024878966
17,42,53,0.6823297241862476
17,43,91,0.9012398712459395
17,44,67,0.7872163630838469
17,45,74,0.6903908043291899
17,46,77,0.8708641790939232
17,47,65,0.9016448332036748
17,48,75,0.88432444912455
17,49,98,0.8235663157112529
17,50,26,0.6810661883370703
17,51,87,0.9148087590676034
17,52,59,0.7755994237501191
17,53,98,0.8787123968785377
17,54,53,0.9411474949736301
17,55,27,0.6914540016936037
17,56,75,0.7396739404866273
17,57,50,0.8635623069185435
17,58,90,0.7152027671058977
17,59,47,0.8559833891957109
17,60,26,0.9444006488704602
17,61,32,0.8011680317129749
17,62,51,0.8631058181421576
17,63,81,0.794110976717188
17,64,95,0.8630370894465101
17,65,78,0.735778394067609
17,66,11,0.8068189958627607
17,67,28,0.6659194998523313
17,68,44,0.8750555056010161
17,69,46,0.8550170985994361
17,70,17,0.857178455109203
17,71,79,0.6596919149726982
17,72,23,0.8348326501280859
17,73,81,0.9094524455613807
17,74,81,0.7666659986323017
17,75,99,0.7362915963521661
17,76,58,0.766266394592597
17,77,97,0.7437961942683903
17,78,11,0.8731009898737246
17,79,66,0.8989950445865433
17,80,100,0.8628636359743007
17,81,85,0.8139845410103723
17,82,34,0.7382533165413474
17,83,97,0.6723406982130778
17,84,75,0.6858061433818896
18,19,45,0.8169795861785999
18,20,84,0.9038042588271562
18,21,69,0.8629067888948942
18,22,29,0.9285884715377465
18,23,90,0.834682602829799
18,24,72,0.8869724547252289
18,25,19,0.8852094345711504
18,26,38,0.937096315288251
18,27,74,0.6978111477552308
18,28,61,0.67758366618172
18,29,37,0.849000342932083
18,30,47,0.7155335857353544
18,31,77,0.7924571566208402
18,32,93,0.6526411088885112
18,33,67,0.722104362929977
18,34,89,0.7231481491600651
18,35,51,0.7644117822854201
18,36,24,0.7657627804352132
18,37,46,0.6574117189154087
18,38,57,0.8042927186254041
18,39,72,0.6631554982731506
18,40,34,0.7460938271445663
18,41,22,0.7002184427640485
18,42,78,0.809961746649438
18,43,36,0.851100537842917
18,44,97,0.7772628355823421
18,45,78,0.8986246012957606
18,46,65,0.8439683477955036
18,47,97,0.6961263731652937
18,48,52,0.6613658944238444
18,49,32,0.8882644360927671
18,50,83,0.8964857955894894
18,51,62,0.7664097810934313
18,52,65,0.7449212737759001
18,53,25,0.8104503110183006
18,54,89,0.6689712772279097
18,55,15,0.8602646094149006
18,56,74,0.6818406625609917
18,57,48,0.8319697523560492
18,58,66,0.7644240723441093
18,59,13,0.7921963032103854
18,60,27,0.8740261734820736
18,61,79,0.7384935407939573
18,62,48,0.8531867136515188
18,63,92,0.7619391544700972
18,64,80,0.9124300782868335
18,65,15,0.6515089517222016
18,66,78,0.8142576350576715
18,67,36,0.874488976019838
18,68,54,0.7135210828765954
18,69,75,0.6927365351340644
18,70,88,0.9004245100604186
18,71,33,0.8512933734051735
18,72,16,0.9054163167276422
18,73,80,0.7883795611068781
18,74,47,0.8515055747345748
18,75,35,0.867676777200242
18,76,52,0.7571415077035467
18,77,40,0.6800135171826269
18,78,34,0.7453357811701176
18,79,88,0.847826675263812
18,80,29,0.819665602371533
18,81,50,0.9375976765788512
18,82,50,0.7238525415636452
18,83,92,0.7808372198269066
18,84,27,0.8538740539542722
19,20,71,0.788854512822683
19,21,49,0.7960914147310074
19,22,92,0.8319882998212583
19,23,27,0.9173891116796837
19,24,90,0.6729387135671646
19,25,12,0.9048761818718425
19,26,84,0.8236702361817683
19,27,37,0.921891073219455
19,28,79,0.9181957803638163
19,29,93,0.8825591716512284
19,30,38,0.9174312631163257
19,31,47,0.6901643778339799
19,32,21,0.7690355472949122
19,33,94,0.7216642413615775
19,34,88,0.855248497052141
19,35,27,0.7838661331517005
19,36,82,0.847823992085893
19,37,71,0.9317525774809619
19,38,72,0.7195249722812946
19,39,39,0.6628425322515941
19,40,56,0.7664279329843988
19,41,15,0.6619714095754693
19,42,23,0.8611208758542866
19,43,45,0.900461679865218
19,44,79,0.8210480455469709
19,45,58,0.7595890333973143
19,46,19,0.8049988692661816
19,47,38,0.8049115346502711
19,48,54,0.7960584688022527
19,49,87,0.6519793059717945
19,50,66,0.6996817467286977
19,51,92,0.7342428525049621
19,52,30,0.7586668832645274
19,53,25,0.8483328928731673
19,54,52,0.8660766976624847
19,55,71,0.7937063490093588
19,56,92,0.9000094989185763
19,57,15,0.6883655344847288
19,58,27,0.8388621274664465
19,59,83,0.6940595300255239
19,60,33,0.8049922077914439
19,61,82,0.8412868120192438
19,62,94,0.8963909930366007
19,63,37,0.784761008485837
19,64,71,0.7011700351969089
19,65,86,0.6928136411188902
19,66,33,0.8369635216734903
19,67,31,0.8672560394233267
19,68,68,0.8289600087492078
19,69,58,0.7656385648225543
19,70,35,0.8068134029051475
19,71,97,0.7759385038014819
19,72,22,0.7032266552951988
19,73,86,0.6617109690854385
19,74,74,0.8757149453107633
19,75,94,0.6890986522331493
19,76,10,0.9190906858542595
19,77,93,0.7794490475700294
19,78,15,0.8592928421418737
19,79,71,0.8868666755452863
19,80,85,0.8913863116682932
19,81,99,0.822836245069765
19,82,42,0.793142371101362
19,83,20,0.7349800004026867
19,84,62,0.727341492896574
20,21,10,0.8233961437401338
20,22,10,0.7625089645114826
20,23,50,0.7726535231521795
20,24,64,0.8454727804333795
20,25,78,0.777068464230009
20,26,45,0.9475396022512146
20,27,36,0.7739684474887809
20,28,71,0.7036158793498866
20,29,71,0.7261332936328089
20,30,54,0.8822583452734976
20,31,27,0.906499676847079
20,32,39,0.7839784632245658
20,33,30,0.6800835852648127
20,34,53,0.8902561200050477
20,35,97,0.8620369800598608
20,36,91,0.6515871900417716
20,37,28,0.7915005980265031
20,38,21,0.6692241369107932
20,39,20,0.8327086583623782
20,40,61,0.8341896772150141
20,41,86,0.6672389103749004
20,42,32,0.842087394359041
20,43,35,0.9051702908952926
20,44,76,0.7358019535126086
20,45,86,0.8031643551196462
20,46,88,0.7008448675439307
20,47,40,0.8465057358152135
20,48,21,0.9490451431481619
20,49,55,0.8508986139188925
20,50,35,0.8053228102967884
20,51,18,0.9257532263327372
20,52,81,0.9245026921844461
20,53,45,0.7178886538886206
20,54,68,0.928914152243636
20,55,43,0.7025104360441893
20,56,81,0.6717157911580112
20,57,24,0.8908826727717072
20,58,78,0.8939442048819122
20,59,98,0.7828305921689915
20,60,71,0.88099015782015
20,61,68,0.8544784019754539
20,62,13,0.7945910486197507
20,63,58,0.8400985392674565
20,64,96,0.8603528303576934
20,65,62,0.936633706137008
20,66,11,0.8602455656949662
20,67,46,0.6779028290486275
20,68,53,0.6728086461601067
20,69,70,0.7441618338678879
20,70,83,0.7307227347406398
20,71,97,0.9290765790118145
20,72,35,0.720458411579048
20,73,43,0.712033589696603
20,74,41,0.9009004129885068
20,75,23,0.6859635477964314
20,76,94,0.7977994589816637
20,77,79,0.9373979271402875
20,78,57,0.83620024244953
20,79,83,0.910630650687366
20,80,75,0.7340799869549561
20,81,83,0.6884737850445841
20,82,64,0.793496022983613
20,83,74,0.7541866884985199
20,84,32,0.7871588102948082
21,22,76,0.7880211770139289
21,23,11,0.8522309181334504
21,24,22,0.747630859974628
21,25,43,0.706145732585855
21,26,44,0.7914036094215366
21,27,56,0.7051741022589133
21,28,63,0.8602137880448902
21,29,61,0.7338888595642052
21,30,26,0.943781735545157
21,31,22,0.8662446378244811
21,32,81,0.7796656255192504
21,33,28,0.8900112374703912
21,34,70,0.891700508467277
21,35,73,0.6903415053983668
21,36,90,0.8051020924761502
21,37,72,0.7400102546460346
21,38,82,0.6643127912247223
21,39,30,0.668010913317205
21,40,70,0.9016915126812358
21,41,52,0.7279307366035029
21,42,81,0.9295533727333304
21,43,12,0.7735282714394572
21,44,96,0.9389349682753743
21,45,83,0.8449596449340826
21,46,46,0.7565327115172675
21,47,72,0.882423310137971
21,48,20,0.7643212995238537
21,49,90,0.9369783292968161
21,50,91,0.8923151431871206
21,51,90,0.8336930414400344
21,52,19,0.6737335782393802
21,53,50,0.7450634725086683
21,54,44,0.8316154919072485
21,55,66,0.8842922110769297
21,56,85,0.8062807074908749
21,57,31,0.7051658597310152
21,58,40,0.8486067643425919
21,59,99,0.874921921074535
21,60,60,0.6809027942170658
21,61,70,0.8145301231454881
21,62,60,0.8071948374025442
21,63,23,0.7287356792794961
21,64,93,0.9294768740657076
21,65,39,0.7242189557945576
21,66,90,0.687923512156182
21,67,31,0.6585713879059739
21,68,51,0.909272342494476
21,69,79,0.930457271499368
21,70,27,0.9408626793663638
21,71,32,0.8272492779737357
21,72,91,0.9131881130426776
21,73,91,0.8418584746132436
21,74,54,0.7944955048106643
21,75,21,0.7825580916729603
21,76,43,0.6967152617206565
21,77,76,0.8946139367482664
21,78,54,0.7360286745485618
21,79,98,0.9266265187232159
21,80,71,0.739883155396132
21,81,47,0.8291011256677256
21,82,80,0.76209316295811
21,83,81,0.7811319099249364
21,84,92,0.7669169809559588
22,23,43,0.6737629199525104
22,24,76,0.8793614882229843
22,25,98,0.8553920871135557
22,26,78,0.8926425947297111
22,27,18,0.7047221537007928
22,28,91,0.7866029037931473
22,29,99,0.836826134082666
22,30,12,0.6956447915352107
22,31,12,0.7057812794424577
22,32,44,0.6875117608499436
22,33,11,0.7198431493867866
22,34,73,0.7151564255548556
22,35,73,0.9493890338496798
22,36,14,0.7490745941107491
22,37,28,0.6668115033205678
22,38,19,0.8129575851637425
22,39,42,0.895175217199871
22,40,25,0.9423795508626378
22,41,59,0.8813675999082003
22,42,14,0.7097539628911792
22,43,22,0.8063417360171852
22,44,70,0.7667368881734661
22,45,51,0.6975834309216535
22,46,80,0.8062778758752529
22,47,91,0.7396439251275144
22,48,16,0.9090972997248801
22,49,24,0.72078975133503
22,50,11,0.7002081069224858
22,51,25,0.7687424900885159
22,52,15,0.8243231068182183
22,53,98,0.8288636851794837
22,54,21,0.7246166769214685
22,55,97,0.8355934575313824
22,56,90,0.6680157007122974
22,57,29,0.8603984420069009
22,58,26,0.7963528645768939
22,59,81,0.8865685477360621
22,60,66,0.869956649526131
22,61,58,0.7574502491751294
22,62,15,0.7955906399487539
22,63,47,0.8128202230417082
22,64,82,0.7059880186847312
22,65,69,0.7325973388574909
22,66,80,0.6981030227293296
22,67,67,0.7387017983632205
22,68,56,0.7862236939386721
22,69,74,0.7637130708999732
22,70,12,0.8359203819710671
22,71,89,0.7216359674648063
22,72,94,0.9401489471024793
22,73,34,0.8072209306431357
22,74,80,0.6962394541793449
22,75,62,0.842271178935522
22,76,76,0.8476673090458211
22,77,26,0.7035916400108325
22,78,23,0.7956110861710086
22,79,83,0.8425255004382868
22,80,72,0.8077464087843235
22,81,42,0.6647256881736682
22,82,19,0.6539258329500505
22,83,93,0.7974216504284822
22,84,20,0.79041774302949
23,24,56,0.8174059668410065
23,25,63,0.8966079548800036
23,26,17,0.8970928898832201
23,27,15,0.8702901014768811
23,28,19,0.9333810446021706
23,29,22,0.6803675362285344
23,30,59,0.7068381239320027
23,31,41,0.8210083006888442
23,32,81,0.8747583073932117
23,33,23,0.8798850260048158
23,34,96,0.7876161777285123
23,35,23,0.7000427956710642
23,36,61,0.8014078341517885
23,37,78,0.9495300716159845
23,38,55,0.9207454911958165
23,39,51,0.9034562044703651
23,40,91,0.7791764218199737
23,41,87,0.722216766841288
23,42,58,0.8797124658902854
23,43,42,0.7580025634802545
23,44,60,0.6500586883566826
23,45,46,0.8287288479871358
23,46,48,0.6519706486918047
23,47,37,0.9067161276524618
23,48,98,0.8967012374310727
23,49,75,0.8168969256520305
23,50,29,0.6782861382612653
23,51,29,0.691522458042923
23,52,84,0.7249570717654992
23,53,48,0.6775715363856119
23,54,37,0.870279786163274
23,55,71,0.7018707472568968
23,56,98,0.8608543684547374
23,57,22,0.828569360767874
23,58,83,0.7644638331498446
23,59,52,0.7543790620858799
23,60,63,0.9290738251831332
23,61,39,0.8743035971807968
23,62,11,0.8401661309095143
23,63,16,0.7414350178637729
23,64,79,0.819473868197754
23,65,99,0.7162391524460856
23,66,60,0.9413120734221105
23,67,83,0.8014188038336104
23,68,47,0.8859104895464831
23,69,53,0.6747635337915748
23,70,16,0.8144457215052648
23,71,61,0.8005469346817384
23,72,26,0.8786098758910688
23,73,35,0.7963583299412998
23,74,35,0.8183502829432416
23,75,77,0.7238737521521339
23,76,65,0.7470234923468634
23,77,21,0.683758961420687
23,78,56,0.7544923570539573
23,79,86,0.8466229573433253
23,80,31,0.9462955750891187
23,81,66,0.8369546468834992
23,82,39,0.7099055640817268
23,83,20,0.6837115222355313
23,84,89,0.9280189085327321
24,25,46,0.6541199878080294
24,26,24,0.7415354150162523
24,27,52,0.7127028623372607
24,28,36,0.8139272641910594
24,29,80,0.7949078991034075
24,30,28,0.8585213430943084
24,31,58,0.8249014829979247
24,32,15,0.726636903368651
24,33,35,0.8867565483522266
24,34,16,0.7894882455201995
24,35,18,0.7665935441710937
24,36,94,0.7580657426959625
24,37,47,0.9102231328563444
24,38,39,0.9439378553197559
24,39,100,0.6798811135527613
24,40,86,0.8094681935489639
24,41,74,0.9400374117299606
24,42,12,0.6619257209764245
24,43,49,0.7500708903892327
24,44,30,0.6555116676094679
24,45,55,0.8375692910753031
24,46,74,0.7327634836999167
24,47,42,0.913603182257348
24,48,13,0.9332410094624892
24,49,38,0.6955124542306054
24,50,94,0.6911782028253265
24,51,76,0.9381817080333714
24,52,90,0.85595699376038
24,53,83,0.6958247462506555
24,54,87,0.748785421511164
24,55,36,0.8457417938230407
24,56,97,0.8900315177492281
24,57,49,0.856559626844085
24,58,27,0.7790192894541155
24,59,28,0.8468695259087456
24,60,30,0.7452488632525818
24,61,25,0.7052405647581762
24,62,28,0.8681238599780574
24,63,62,0.9383588561667169
24,64,91,0.9299750091247401
24,65,34,0.6820314298530203
24,66,88,0.8350839516524879
24,67,88,0.7192734046199039
24,68,97,0.6578253478391349
24,69,71,0.6902259882591469
24,70,70,0.863605738392998
24,71,59,0.7974336791199004
24,72,34,0.7178819180255298
24,73,11,0.9276305249404728
24,74,38,0.8727099984988699
24,75,36,0.6698408972704668
24,76,66,0.910138700791581
24,77,51,0.9100324715470036
24,78,64,0.7714600304727586
24,79,58,0.8660602740486655
24,80,83,0.8281417404178367
24,81,100,0.8860759586956619
24,82,67,0.787070127189927
24,83,41,0.8056107957762535
24,84,15,0.8173102849440228
25,26,90,0.9387776934712277
25,27,66,0.7694119674363677
25,28,46,0.7884041491891889
25,29,88,0.9257098459926545
25,30,28,0.7890736859214905
25,31,21,0.8667940374478499
25,32,84,0.9313527373097717
25,33,27,0.7679200144415184
25,34,13,0.7036635736830847
25,35,35,0.9147645342082155
25,36,51,0.8575152284992704
25,37,30,0.8655124159155689
25,38,24,0.8618680129559302
25,39,20,0.8071451918198447
25,40,75,0.8336217603454453
25,41,80,0.764182102778344
25,42,52,0.8196474735542507
25,43,29,0.6986372289109645
25,44,16,0.7758745073707302
25,45,67,0.7366341612334241
25,46,26,0.9381301638547741
25,47,42,0.6536623294472158
25,48,73,0.81305034788129
25,49,73,0.721363506205843
25,50,70,0.786121545158665
25,51,86,0.8300306312886767
25,52,80,0.7334338812971846
25,53,36,0.6646756399829089
25,54,93,0.7547059499548101
25,55,14,0.8500989628838584
25,56,48,0.7493333263405815
25,57,23,0.7750870771566074
25,58,96,0.7353141634414115
25,59,99,0.8284906958914159
25,60,32,0.9398879791542988
25,61,56,0.9294439458158017
25,62,48,0.7468465552521558
25,63,18,0.8775325963511851
25,64,18,0.7378498140070219
25,65,98,0.9078223823184188
25,66,62,0.8073938627761126
25,67,88,0.6674553761839171
25,68,90,0.8086839869332073
25,69,98,0.8314334063244424
25,70,100,0.7361561911412782
25,71,50,0.727898011785875
25,72,89,0.756156003312257
25,73,82,0.7989190776341537
25,74,73,0.7977513361155548
25,75,88,0.7198164918465624
25,76,34,0.6504742751677494
25,77,90,0.8890197659684547
25,78,36,0.8898693053766518
25,79,62,0.6636476568887955
25,80,91,0.7137013800694733
25,81,98,0.7344880109751616
25,82,49,0.7400851983726537
25,83,10,0.6841510288845802
25,84,60,0.8673189928433035
26,27,13,0.8996128309718424
26,28,53,0.9266839295755467
26,29,70,0.8891763151486775
26,30,71,0.6966158866000186
26,31,78,0.9187785804311401
26,32,62,0.9283369930295302
26,33,76,0.7398031239918083
26,34,50,0.8165531624910656
26,35,83,0.8556479901039287
26,36,55,0.6698639123952685
26,37,13,0.7517457253864827
26,38,78,0.9027217324807557
26,39,59,0.706213673044425
26,40,49,0.8615798552136558
26,41,14,0.731449224979884
26,42,40,0.7614750730661444
26,43,48,0.7148419637794057
26,44,24,0.7622647072038292
26,45,35,0.9240061538501175
26,46,13,0.8897075835227888
26,47,29,0.7070635035785643
26,48,77,0.743107612674385
26,49,22,0.896641555388883
26,50,96,0.9478161032484109
26,51,14,0.7878105231842135
26,52,76,0.6847507961186242
26,53,15,0.8561156992199809
26,54,21,0.7499869260196594
26,55,23,0.8061733136315201
26,56,49,0.6567440783475932
26,57,91,0.9176406753283269
26,58,34,0.7359702131375288
26,59,66,0.8513372125871126
26,60,30,0.7320910657520452
26,61,89,0.8178877290652558
26,62,79,0.7550954413772352
26,63,28,0.9329833456226148
26,64,83,0.7234475221587904
26,65,88,0.9176729314150041
26,66,16,0.689022200619413
26,67,96,0.6651368031783259
26,68,21,0.7779397235630082
26,69,86,0.9173827683763718
26,70,98,0.8598096499871528
26,71,49,0.749699628690128
26,72,95,0.8927899469438603
26,73,69,0.8203367906774475
26,74,99,0.7904827716140367
26,75,97,0.8433255829890427
26,76,70,0.7195082640963382
26,77,88,0.7274158297021573
26,78,33,0.8598843863247284
26,79,51,0.7859849203098715
26,80,70,0.6838661171900648
26,81,31,0.7346772106765393
26,82,83,0.6882182005970545
26,83,23,0.7477609184894335
26,84,48,0.8098236697784994
27,28,62,0.7215725875367407
27,29,30,0.9421675193660884
27,30,53,0.7124714437438153
27,31,65,0.8852941929851589
27,32,53,0.8133580640572305
27,33,94,0.8508815588308001
27,34,83,0.9010244581549547
27,35,86,0.7888725302935646
27,36,66,0.7028522006601894
27,37,18,0.8294777544783308
27,38,86,0.8814030136612037
27,39,73,0.84349673463441
27,40,37,0.8951100769763813
27,41,91,0.8929518103603669
27,42,94,0.6947649295322025
27,43,59,0.8346716498835342
27,44,36,0.8544550363959938
27,45,82,0.8883039979186749
27,46,65,0.8653373665718294
27,47,21,0.824818093347816
27,48,75,0.7712592248193251
27,49,47,0.6687231675592576
27,50,16,0.6502529942319262
27,51,55,0.6829094950733658
27,52,13,0.720572351139148
27,53,60,0.8375642910259827
27,54,61,0.7644695135247485
27,55,94,0.702023031878929
27,56,81,0.7653785173073284
27,57,63,0.6962801872681175
27,58,95,0.6876647460481765
27,59,92,0.654712339812508
27,60,72,0.8473780090437869
27,61,27,0.6753990332869149
27,62,63,0.908045828616683
27,63,99,0.8313288538090385
27,64,33,0.7863183077635204
27,65,67,0.7654144153490079
27,66,64,0.8313719771968499
27,67,40,0.8636389996895093
27,68,79,0.8229057059443816
27,69,14,0.8204448733104798
27,70,24,0.8240806344483783
27,71,20,0.6926262439717028
27,72,45,0.7894808981946473
27,73,88,0.6765339052198037
27,74,94,0.9381233140872056
27,75,91,0.8117591637330462
27,76,88,0.6658322816422253
27,77,11,0.7906606431023063
27,78,70,0.8221895904849794
27,79,55,0.9381743907431375
27,80,47,0.7002524488463839
27,81,86,0.8748275838138255
27,82,82,0.7281329409660796
27,83,84,0.7007237722863108
27,84,47,0.8926687339038701
28,29,46,0.7954280564543087
28,30,19,0.9054335768157902
28,31,26,0.8347393280587463
28,32,42,0.6542609030189273
28,33,32,0.9230394466037379
28,34,94,0.7839959503034506
28,35,43,0.8847583115863238
28,36,33,0.8898116019235301
28,37,53,0.9452214973071249
28,38,86,0.9301825564095163
28,39,73,0.8758283890640413
28,40,59,0.7213842317327871
28,41,91,0.7001849782709555
28,42,54,0.6662977359643454
28,43,24,0.6657569590976843
28,44,70,0.7404101389861097
28,45,78,0.720098393514307
28,46,59,0.7923768742292191
28,47,65,0.6535589120286529
28,48,67,0.7646012284125985
28,49,77,0.8548628932741376
28,50,78,0.8412272453766199
28,51,65,0.8331456704095945
28,52,44,0.7504902219854134
28,53,22,0.7266031756721659
28,54,69,0.8819453045918594
28,55,96,0.8266172873314409
28,56,53,0.8533154480687044
28,57,50,0.814283766621153
28,58,18,0.653588423307051
28,59,23,0.8556498656703729
28,60,46,0.7255688321435739
28,61,89,0.6775823847730799
28,62,94,0.9181900892454217
28,63,86,0.8414248655478436
28,64,25,0.675915912217887
28,65,58,0.8469183886733451
28,66,82,0.8909600197534981
28,67,24,0.858696090096823
28,68,69,0.8481433539156215
28,69,68,0.9268086172534094
28,70,64,0.8576664475427378
28,71,51,0.7272009786113337
28,72,45,0.883131785085173
28,73,52,0.9487875701339363
28,74,43,0.703378845990989
28,75,35,0.8330905654861802
28,76,72,0.6825291405853762
28,77,65,0.7155159494592986
28,78,66,0.864620095325253
28,79,19,0.6711236981407059
28,80,67,0.6556294379305372
28,81,93,0.8421005807836375
28,82,95,0.7671451462800126
28,83,52,0.9213852630361847
28,84,75,0.8622816956190267
29,30,71,0.7808173002390103
29,31,18,0.8120386151057039
29,32,98,0.8953929978158247
29,33,82,0.810591222945695
29,34,52,0.8545507206831009
29,35,90,0.9491047388884959
29,36,56,0.8103878889680104
29,37,20,0.9023544761381432
29,38,47,0.8443377715418945
29,39,15,0.940253888184198
29,40,48,0.8587646835821228
29,41,90,0.8566527747197324
29,42,90,0.7813951247975025
29,43,14,0.7079278156728251
29,44,85,0.7215455393997562
29,45,79,0.8430222913050596
29,46,67,0.9399722419586038
29,47,53,0.666816335926321
29,48,15,0.7716523567993651
29,49,93,0.8501949254940144
29,50,96,0.911060008870636
29,51,84,0.719895697962081
29,52,28,0.79666841399781
29,53,89,0.6637405080557225
29,54,26,0.6543095614885889
29,55,49,0.8962217669048096
29,56,88,0.7012068163648668
29,57,23,0.6842539045895863
29,58,88,0.7161717572728771
29,59,64,0.751202933068993
29,60,96,0.7706025831197982
29,61,97,0.8227901031357455
29,62,37,0.8792683647101817
29,63,52,0.668966566296098
29,64,63,0.7004152559406216
29,65,31,0.7815983636162682
29,66,15,0.6900112631171222
29,67,90,0.8337324515941688
29,68,12,0.9138880822516251
29,69,10,0.7038238568443141
29,70,93,0.8281191570019315
29,71,98,0.8922235409742013
29,72,98,0.6880677257615929
29,73,44,0.8069260592395495
29,74,32,0.8331613965891456
29,75,33,0.8651596266773811
29,76,21,0.8381574962135038
29,77,54,0.7756357610327825
29,78,34,0.6852523468135376
29,79,22,0.8356762819630681
29,80,79,0.8022622269822869
29,81,90,0.8477981475176857
29,82,34,0.6838037367089382
29,83,70,0.7992544513411607
29,84,15,0.6662082842995096
30,31,36,0.7804014926807175
30,32,68,0.6629952447960252
30,33,78,0.7027662824646658
30,34,72,0.8044711152823234
30,35,40,0.8664209241676797
30,36,51,0.7757198822470412
30,37,51,0.7190189706809267
30,38,39,0.6794192401404344
30,39,35,0.7626597163633223
30,40,70,0.8255276772776419
30,41,65,0.6934823815885898
30,42,68,0.7034182296410135
30,43,68,0.865946364836741
30,44,44,0.7106632672307447
30,45,98,0.8205997498176658
30,46,24,0.905495409962984
30,47,31,0.8781018749108374
30,48,47,0.8310907948541375
30,49,91,0.9358280426521481
30,50,83,0.94104075257351
30,51,21,0.7735088427148172
30,52,37,0.8274742613885305
30,53,45,0.6543511570915976
30,54,41,0.7243494331701754
30,55,38,0.9175467884409718
30,56,29,0.9241264162369834
30,57,63,0.9440552123879437
30,58,70,0.8700428905381404
30,59,64,0.809336517887533
30,60,99,0.8963873962268215
30,61,40,0.6749274571802175
30,62,98,0.8695358851699935
30,63,26,0.7575217045004452
30,64,21,0.6547790493364251
30,65,30,0.860991346372551
30,66,84,0.6573240421185362
30,67,27,0.9122597114066814
30,68,57,0.8380432869440968
30,69,10,0.9081147952988111
30,70,98,0.7498718415146776
30,71,64,0.8758664032886685
30,72,88,0.8127305319351614
30,73,97,0.6742877124707145
30,74,17,0.8044209441810598
30,75,56,0.9163933717866894
30,76,56,0.7896058625410499
30,77,56,0.7025802209559961
30,78,18,0.8182274625659074
30,79,27,0.9443754866754926
30,80,24,0.8447115201022329
30,81,84,0.9113394147733682
30,82,38,0.7461391449407748
30,83,74,0.854068021676531
30,84,18,0.7618441336122749
31,32,74,0.8080047797327335
31,33,100,0.8095713436863756
31,34,47,0.7855935147872968
31,35,96,0.9336095966992297
31,36,18,0.706506074723385
31,37,21,0.6740511210054513
31,38,46,0.937476951531977
31,39,31,0.7327828208625866
31,40,73,0.6951494206674244
31,41,90,0.6568070805665168
31,42,97,0.8124304874205324
31,43,54,0.7760389919069262
31,44,12,0.7374550391489133
31,45,39,0.9004842555838422
31,46,52,0.7735075188697232
31,47,92,0.8860473088763052
31,48,95,0.8590590742159625
31,49,66,0.7874021276177816
31,50,49,0.7015211376307928
31,51,71,0.7615706949771733
31,52,16,0.6945015006209632
31,53,31,0.8355890689584575
31,54,78,0.7355739746591758
31,55,100,0.8578577806905906
31,56,29,0.6983764139665037
31,57,50,0.8223575512911532
31,58,57,0.7053489749248818
31,59,14,0.8496659844747418
31,60,28,0.7618744808027799
31,61,30,0.810092887211352
31,62,13,0.7713686993667533
31,63,28,0.9343367162154035
31,64,29,0.6512882917452235
31,65,74,0.7493841938240319
31,66,70,0.9187932363670182
31,67,83,0.8500663194367665
31,68,66,0.7516053289677508
31,69,71,0.9200523407163044
31,70,80,0.6850628293486287
31,71,89,0.902263074860792
31,72,21,0.7479099409022189
31,73,34,0.8250294324601453
31,74,45,0.7087147020307526
31,75,67,0.853119016449655
31,76,75,0.7683270838732645
31,77,87,0.8315233465542402
31,78,95,0.7583194607441679
31,79,64,0.7608889901327623
31,80,46,0.753476063947428
31,81,67,0.9122905207299434
31,82,66,0.8724583029581543
31,83,66,0.7365902054990612
31,84,64,0.868581654644971
32,33,85,0.8293807121055081
32,34,48,0.7923839390018189
32,35,52,0.6698347343500398
32,36,58,0.6765344835965758
32,37,44,0.7743542041813426
32,38,100,0.8203748973203683
32,39,35,0.7058019254333162
32,40,80,0.7971756854107221
32,41,48,0.9003755604890173
32,42,81,0.8719568069207336
32,43,10,0.6962071908921235
32,44,91,0.9002729214054961
32,45,93,0.8497740385517921
32,46,32,0.7975659509900059
32,47,41,0.6585327754602313
32,48,73,0.9482998862206011
32,49,56,0.824319731027974
32,50,43,0.8383988142443735
32,51,98,0.8954842383852236
32,52,83,0.6552635241566898
32,53,84,0.6675531181979264
32,54,98,0.690649218165991
32,55,44,0.7583490343828068
32,56,55,0.6646144702058797
32,57,91,0.9308951059210897
32,58,90,0.7049742492244155
32,59,31,0.8131137005745027
32,60,97,0.889963161873234
32,61,99,0.8565039925929665
32,62,84,0.755488810293335
32,63,27,0.8054512238832214
32,64,72,0.773598351345166
32,65,30,0.6807253574234461
32,66,38,0.8994720664361494
32,67,81,0.8340285078204859
32,68,77,0.9038209249051563
32,69,99,0.8768920230923152
32,70,68,0.9248093480089314
32,71,26,0.9270229258031681
32,72,49,0.8573152110634041
32,73,66,0.9169179156145044
32,74,53,0.7016621478868161
32,75,25,0.7167073543266531
32,76,28,0.8564141472277964
32,77,36,0.689065475719667
32,78,98,0.8789071063340375
32,79,12,0.8824076924121116
32,80,15,0.7089052977587671
32,81,94,0.8040437577512327
32,82,25,0.9225587895207386
32,83,48,0.8502759270599611
32,84,25,0.9260294212440967
33,34,35,0.7054345473735049
33,35,21,0.6936670933198814
33,36,45,0.9346374815249845
33,37,30,0.9065414246185892
33,38,88,0.7225467566510496
33,39,22,0.8958759514498718
33,40,77,0.7150994227434955
33,41,46,0.7015320388264812
33,42,10,0.9420739711642623
33,43,37,0.926143153393705
33,44,70,0.7599389076936235
33,45,66,0.8520577094504559
33,46,55,0.9443903372726181
33,47,75,0.7182662637701138
33,48,50,0.68708462074228
33,49,27,0.798744806115941
33,50,46,0.8171396368491721
33,51,51,0.7981138395869491
33,52,68,0.8301168525282466
33,53,66,0.7177620289189723
33,54,64,0.7066354957001815
33,55,70,0.9317246005217681
33,56,11,0.9496169977057551
33,57,23,0.7689109275595658
33,58,96,0.6755017730278176
33,59,61,0.8585111348119912
33,60,31,0.6694131233477071
33,61,53,0.7100790491587539
33,62,61,0.686828650309599
33,63,73,0.7335554996836565
33,64,84,0.8280949911616133
33,65,92,0.9329675176744956
33,66,95,0.8309496297317865
33,67,72,0.8034243545209407
33,68,68,0.6824110004056768
33,69,73,0.7192465378978201
33,70,13,0.6798810170690679
33,71,18,0.7994404725986141
33,72,32,0.7647898948295055
33,73,29,0.7408257833614202
33,74,19,0.8483241813293316
33,75,73,0.8878194245681654
33,76,94,0.7993697132697337
33,77,79,0.753084694913361
33,78,79,0.6553011177910428
33,79,65,0.9140377012974154
33,80,67,0.7443677593459359
33,81,68,0.6607943356771614
33,82,94,0.9081082108155991
33,83,100,0.6992432731944612
33,84,49,0.8647169568890641
34,35,24,0.8206565670855892
34,36,80,0.8556122501329907
34,37,70,0.8186766233764994
34,38,17,0.7674154458866812
34,39,58,0.8350819029133494
34,40,46,0.7461448350431561
34,41,15,0.6884594190946239
34,42,84,0.6580699527975783
34,43,53,0.7641720133215563
34,44,55,0.773578880767381
34,45,41,0.7242841792880492
34,46,85,0.6754825210058444
34,47,49,0.684341388950335
34,48,78,0.7478350513518847
34,49,64,0.8204148214640314
34,50,44,0.6561206818281676
34,51,12,0.9457294344526104
34,52,59,0.7467264106255889
34,53,72,0.6800170049612163
34,54,53,0.7990194190355432
34,55,95,0.7518618274479223
34,56,56,0.94082832582889
34,57,91,0.904200228245796
34,58,78,0.7142240314648052
34,59,48,0.9488683080081359
34,60,38,0.8373716870163859
34,61,84,0.678420084547694
34,62,18,0.8199284884360112
34,63,64,0.7129217475965243
34,64,93,0.8971216849278965
34,65,48,0.7798731453645007
34,66,35,0.7742942751995495
34,67,75,0.7859685815980142
34,68,33,0.9142689705310836
34,69,76,0.9088129420277602
34,70,37,0.8482418648051852
34,71,69,0.7303807860698467
34,72,88,0.9058323944414834
34,73,82,0.8679845205547477
34,74,35,0.7592824007477313
34,75,29,0.8739300549446939
34,76,65,0.7730780787437852
34,77,18,0.8401782465060608
34,78,44,0.8971132113494975
34,79,42,0.8560564710227376
34,80,40,0.6840675729884854
34,81,41,0.8891134280574966
34,82,72,0.8179475031598503
34,83,92,0.9216966868273997
34,84,44,0.6909291886444581
35,36,45,0.8476012137920546
35,37,15,0.939136067157553
35,38,12,0.6665981818577289
35,39,50,0.8304799220665824
35,40,62,0.9190319732504357
35,41,21,0.7690685151737082
35,42,27,0.7208123455463328
35,43,74,0.9298806342198906
35,44,84,0.9349023501018788
35,45,42,0.7989353304011334
35,46,86,0.686683050036112
35,47,52,0.8997002495474954
35,48,40,0.9306500287865154
35,49,23,0.702546276630704
35,50,66,0.7725126667044444
35,51,17,0.7971075740459634
35,52,24,0.7449469839313888
35,53,97,0.7239040068462089
35,54,28,0.7588994036806116
35,55,49,0.6563222631336695
35,56,87,0.6604428295228026
35,57,16,0.857204736584702
35,58,40,0.7258948688642559
35,59,91,0.9375450835390764
35,60,97,0.6866161306237668
35,61,66,0.7665413044568884
35,62,60,0.9282522201046187
35,63,48,0.6770750983126217
35,64,40,0.7392268707090314
35,65,30,0.9247672403727005
35,66,92,0.7718866447865607
35,67,20,0.8969593341189399
35,68,70,0.8710825899533062
35,69,52,0.8652158053719237
35,70,22,0.8973202597208545
35,71,74,0.6699101701792843
35,72,80,0.871335656181205
35,73,13,0.8785926335724417
35,74,33,0.8390469024555496
35,75,27,0.6509227411463749
35,76,49,0.7441165407951384
35,77,30,0.7248810697712732
35,78,93,0.8789488109873822
35,79,97,0.77309486149097
35,80,67,0.7935096439872067
35,81,43,0.7020437077152734
35,82,51,0.8898586003820538
35,83,63,0.7602798689497022
35,84,58,0.9334271464526929
36,37,38,0.6562203912767229
36,38,81,0.844132006791241
36,39,21,0.9422382715249618
36,40,99,0.9055492613511293
36,41,89,0.7786710104355054
36,42,21,0.9374098592279556
36,43,82,0.6852051556425874
36,44,65,0.8820077961385004
36,45,96,0.7982447090413698
36,46,36,0.707163249580679
36,47,44,0.7363885918552645
36,48,26,0.7793925766415992
36,49,37,0.9485622349919876
36,50,96,0.7068089509420045
36,51,28,0.658631934874191
36,52,40,0.8353040720171705
36,53,57,0.8248709232008467
36,54,20,0.6530960726787484
36,55,51,0.942319753079914
36,56,37,0.8640007847178626
36,57,86,0.7268676781797162
36,58,17,0.6656337834884134
36,59,70,0.9224679612091966
36,60,95,0.9401629532923887
36,61,15,0.6516082955606063
36,62,58,0.7407522066925254
36,63,57,0.6896714761139254
36,64,15,0.8241460729674374
36,65,74,0.7978519482843435
36,66,69,0.6895758601046681
36,67,77,0.7798788975368345
36,68,50,0.6632486484464629
36,69,45,0.8743470103157882
36,70,46,0.9208378029099175
36,71,43,0.8050918057106665
36,72,31,0.7446628758390306
36,73,29,0.8167024124854065
36,74,91,0.8894660549759632
36,75,29,0.6663701502156121
36,76,70,0.7280671890755481
36,77,65,0.6848072141301671
36,78,73,0.6622375125620954
36,79,100,0.8182563561615337
36,80,24,0.9037515052849738
36,81,25,0.7548812905555469
36,82,46,0.70419648923342
36,83,75,0.8967715269464065
36,84,94,0.8257032205441508
37,38,10,0.8078046219799987
37,39,63,0.9261239589978056
37,40,73,0.8530725548289088
37,41,13,0.7352843754320868
37,42,25,0.7682509408300183
37,43,23,0.9010931625743321
37,44,20,0.7880699541360867
37,45,71,0.7862166545428858
37,46,86,0.8474018909166873
37,47,15,0.8468518271052051
37,48,51,0.9342255191464988
37,49,82,0.688796059514657
37,50,92,0.7348862029384915
37,51,19,0.8141468665418778
37,52,21,0.7696575490873245
37,53,61,0.6767564923029662
37,54,30,0.7665508704919202
37,55,92,0.8757675698871146
37,56,25,0.739563998186987
37,57,49,0.9211202815583988
37,58,55,0.8496560888650525
37,59,75,0.709961378178648
37,60,59,0.7929319059889303
37,61,64,0.677066704831624
37,62,57,0.8341603350334372
37,63,64,0.6778842383036869
37,64,69,0.8529320096021076
37,65,29,0.9292002838000406
37,66,92,0.8074033351629304
37,67,65,0.6737549392295056
37,68,48,0.6945819615964284
37,69,48,0.9024613862827126
37,70,47,0.8205607057684546
37,71,15,0.8040243553540829
37,72,62,0.6783453087463748
37,73,82,0.8938474273384668
37,74,84,0.6745308684601935
37,75,24,0.8721548505013696
37,76,33,0.9028729469916761
37,77,63,0.913026604140651
37,78,85,0.8672284054495352
37,79,67,0.8371431182499991
37,80,33,0.713320511248158
37,81,87,0.7277953018358703
37,82,65,0.8103128008944881
37,83,24,0.6539913799727008
37,84,68,0.8575418689960799
38,39,87,0.8677734214515741
38,40,88,0.758218634927263
38,41,98,0.8525306866951224
38,42,21,0.6875268469790681
38,43,24,0.8947904669103441
38,44,34,0.9077036090794548
38,45,93,0.6935462571302201
38,46,90,0.907456807322826
38,47,21,0.7402753608742083
38,48,70,0.7765637673925239
38,49,29,0.871634354522671
38,50,72,0.7914467595956349
38,51,84,0.7227888946265095
38,52,60,0.6652766540658103
38,53,90,0.9042888590241063
38,54,63,0.9045848783009571
38,55,86,0.8693235640696537
38,56,14,0.7962489539377697
38,57,85,0.867384255554144
38,58,72,0.7195717358163528
38,59,12,0.7766013642618135
38,60,18,0.7303546612550553
38,61,70,0.6850822221371281
38,62,92,0.7540292340107084
38,63,12,0.6984000309288743
38,64,70,0.7531542169409484
38,65,38,0.8262976130300838
38,66,87,0.9060361374373744
38,67,69,0.6893475701283814
38,68,59,0.9379410104830437
38,69,96,0.8457500563589885
38,70,70,0.8899265176898427
38,71,89,0.7121625772471515
38,72,21,0.8501169357066373
38,73,35,0.6968942283222429
38,74,63,0.9329164095083636
38,75,40,0.7128298824060645
38,76,12,0.7576360260268438
38,77,96,0.6975816395313623
38,78,74,0.6595910023305167
38,79,65,0.684190788010276
38,80,81,0.7172286916219413
38,81,53,0.8854657412064991
38,82,81,0.7302473706669756
38,83,98,0.9121087026194947
38,84,23,0.8619214751953379
39,40,66,0.8896960656131855
39,41,24,0.9423979269844855
39,42,88,0.8846468773299174
39,43,81,0.6625908311619738
39,44,90,0.6854178053234581
39,45,56,0.6971097642071902
39,46,66,0.8785894069952442
39,47,22,0.696288719729542
39,48,27,0.6868950408293197
39,49,63,0.880765789976045
39,50,70,0.7523960209341904
39,51,20,0.7298046887794949
39,52,63,0.7581930219295033
39,53,29,0.8759618775997471
39,54,39,0.6913982997874215
39,55,62,0.9194195772530579
39,56,76,0.8883822039116889
39,57,13,0.7827736068045742
39,58,76,0.9330928520923432
39,59,50,0.7704952604665121
39,60,65,0.6684404985456159
39,61,94,0.926755658480821
39,62,83,0.6673429488638035
39,63,94,0.9127439994807057
39,64,63,0.7706008454094444
39,65,80,0.9120639092571803
39,66,50,0.9227692559603393
39,67,45,0.9200625565524214
39,68,28,0.8600885191647814
39,69,36,0.9162739274153677
39,70,89,0.8456111262190575
39,71,93,0.7713517116950459
39,72,48,0.6752842769853105
39,73,59,0.8675296047006857
39,74,26,0.8061409108160227
39,75,37,0.6778458703570178
39,76,76,0.7522126639419339
39,77,12,0.6583673675886974
39,78,85,0.7276070540577317
39,79,48,0.8679527739198786
39,80,24,0.8695958496479967
39,81,43,0.8380968596953884
39,82,16,0.8769679829127246
39,83,67,0.7393883337954475
39,84,68,0.7516940883911041
40,41,84,0.8196791679739515
40,42,90,0.8496561636029675
40,43,39,0.7551011405122316
40,44,83,0.8517301406114656
40,45,76,0.8712536966375262
40,46,76,0.8247107137573255
40,47,56,0.7862928772672739
40,48,64,0.8985312888295641
40,49,17,0.7774660197388589
40,50,37,0.7838492261128263
40,51,77,0.770826112303673
40,52,60,0.9116044378214189
40,53,91,0.7770266584974046
40,54,72,0.8695150881408285
40,55,30,0.6933038544039113
40,56,68,0.6888155563951249
40,57,77,0.6854174473013074
40,58,70,0.6597822168763644
40,59,81,0.7607996178903371
40,60,87,0.9056953394605662
40,61,57,0.8215294263279227
40,62,29,0.6853226640182749
40,63,57,0.7409780248120009
40,64,28,0.6926419417197834
40,65,16,0.9310461965819885
40,66,46,0.7146744367102023
40,67,72,0.650625726108986
40,68,18,0.9111279607817884
40,69,83,0.7429105637202351
40,70,53,0.8844048046558476
40,71,87,0.6898428822203381
40,72,91,0.7882808493711324
40,73,67,0.6946947772793745
40,74,21,0.8899434863584572
40,75,62,0.7661705365020535
40,76,53,0.812298335237398
40,77,66,0.8707738383353689
40,78,31,0.8621625878471227
40,79,100,0.7426544239246347
40,80,92,0.8178058469708682
40,81,89,0.8125502986688664
40,82,82,0.8065261368216481
40,83,74,0.9190592840731086
40,84,78,0.7039230204277711
41,42,36,0.7235860083170769
41,43,84,0.7832688408001839
41,44,87,0.7461293482820642
41,45,72,0.9085923007142144
41,46,65,0.7041524017191002
41,47,77,0.7452147306099779
41,48,24,0.9439358340933925
41,49,46,0.6932102758795073
41,50,21,0.6962682112458219
41,51,96,0.7007573143964567
41,52,51,0.704437352032597
41,53,48,0.7669819133700674
41,54,62,0.9179033063148359
41,55,25,0.6655634355602252
41,56,86,0.8258087230544339
41,57,74,0.7655146038890415
41,58,17,0.7455009336728383
41,59,18,0.7952514529874319
41,60,39,0.9241205294865873
41,61,80,0.93904240634927
41,62,41,0.8788934891403632
41,63,26,0.7413838525896794
41,64,20,0.9038833557869471
41,65,28,0.7619915661374623
41,66,41,0.8112606889440401
41,67,81,0.7855226003567697
41,68,69,0.9383343327701951
41,69,93,0.9416245412097461
41,70,71,0.7319908818554902
41,71,97,0.7640460543317539
41,72,90,0.713826240416972
41,73,46,0.663645419094152
41,74,82,0.670980565921899
41,75,99,0.6868930894818115
41,76,81,0.9496463759529403
41,77,36,0.8331335928398823
41,78,50,0.9151794836270086
41,79,91,0.7284081600151368
41,80,67,0.7319039417339748
41,81,51,0.7524889414249895
41,82,86,0.7485371731576501
41,83,27,0.8439329875758091
41,84,70,0.6512837743046396
42,43,32,0.7739489098395198
42,44,100,0.7966930145676402
42,45,20,0.8861915704832679
42,46,19,0.8115947984850723
42,47,95,0.7835530310993922
42,48,58,0.8982400505274032
42,49,32,0.9017437378346156
42,50,11,0.6874291594237667
42,51,34,0.7833732970268203
42,52,12,0.8775262995387639
42,53,100,0.7573463056791835
42,54,88,0.8375709674578424
42,55,38,0.7202773831340352
42,56,56,0.6610388128774383
42,57,100,0.8620904019609696
42,58,35,0.9452790613944608
42,59,24,0.910974869751962
42,60,73,0.7011431289131609
42,61,82,0.8516526639812818
42,62,32,0.6696081875000103
42,63,18,0.6882292730948876
42,64,39,0.9143009279439149
42,65,45,0.7075554643146705
42,66,98,0.853320338278133
42,67,97,0.8180347931752396
42,68,64,0.842289885892942
42,69,16,0.9061579434694931
42,70,62,0.7322106788792857
42,71,69,0.7986724146339412
42,72,15,0.9151407324997043
42,73,45,0.9255174474866585
42,74,50,0.6515477852341359
42,75,20,0.9140295376743814
42,76,38,0.9434286833320906
42,77,19,0.925098566524649
42,78,52,0.7432417572949322
42,79,22,0.6583618256746973
42,80,13,0.8277592311737408
42,81,52,0.9021522751087161
42,82,70,0.7215077637705266
42,83,16,0.89649013876972
42,84,40,0.9330642731627319
43,44,89,0.7815588446649132
43,45,67,0.8236803407776945
43,46,17,0.9250143133849136
43,47,98,0.6695084656387111
43,48,66,0.6664366490426759
43,49,65,0.6697370777319989
43,50,81,0.665660943005048
43,51,61,0.6787490754216209
43,52,39,0.9093748232712802
43,53,89,0.6531819636823488
43,54,64,0.9139814502452552
43,55,53,0.8452764278745313
43,56,13,0.7862230290112188
43,57,34,0.6824019769639291
43,58,18,0.8278659495474765
43,59,83,0.6877944878578865
43,60,55,0.7763021010489746
43,61,66,0.7057770220409761
43,62,15,0.6681473548584002
43,63,65,0.8039377219075143
43,64,55,0.7433564720682783
43,65,28,0.6942227187816585
43,66,53,0.7373191834289505
43,67,76,0.8259319737352657
43,68,17,0.7212162066409913
43,69,81,0.9076106616585119
43,70,35,0.9429532316335407
43,71,35,0.8855791421273435
43,72,95,0.7927175179752295
43,73,69,0.8299286909976911
43,74,84,0.8198290727207025
43,75,48,0.7756085865094193
43,76,68,0.9128316434976266
43,77,73,0.7158217644392406
43,78,38,0.8579661672493979
43,79,37,0.7217057119624604
43,80,52,0.8921813921781213
43,81,61,0.7052733536647655
43,82,56,0.6529676275113176
43,83,81,0.6845567877793356
43,84,34,0.8394003732182527
44,45,56,0.6631714477583228
44,46,35,0.7352302652019559
44,47,43,0.8656510021707814
44,48,80,0.7237892780718388
44,49,32,0.9028644262145205
44,50,12,0.8994337208810128
44,51,93,0.8862242241613825
44,52,36,0.7415217134122633
44,53,57,0.8482726145640607
44,54,89,0.9144991385200278
44,55,18,0.685547995890153
44,56,26,0.8884694349534238
44,57,58,0.8583061688562974
44,58,64,0.9430944620880699
44,59,15,0.8789247124255329
44,60,78,0.7382548238104308
44,61,41,0.6659776925208997
44,62,26,0.905450791511542
44,63,72,0.7127712720497665
44,64,70,0.8872991658676465
44,65,31,0.8025841416152921
44,66,92,0.8753408808465865
44,67,76,0.7892801832683352
44,68,57,0.80764270133043
44,69,73,0.792127446684991
44,70,91,0.9263555671065102
44,71,14,0.7121598792512557
44,72,67,0.9089504791074646
44,73,49,0.7775068563715568
44,74,30,0.9306496720964422
44,75,80,0.675427674802386
44,76,47,0.7833515946242676
44,77,84,0.6623428764907713
44,78,53,0.777830703074823
44,79,62,0.7602535824578355
44,80,44,0.7647112779871781
44,81,39,0.7296874634445194
44,82,20,0.7383553464172856
44,83,79,0.8430963197607375
44,84,39,0.6795227329103378
45,46,14,0.8138078179962336
45,47,96,0.7487723877654008
45,48,97,0.9036344705696356
45,49,87,0.9493987116318906
45,50,79,0.9237147590394366
45,51,48,0.7345535810790409
45,52,61,0.9337445022294486
45,53,93,0.6535672161102384
45,54,29,0.9096398362461595
45,55,36,0.7923314755418669
45,56,80,0.8772863897727541
45,57,69,0.7521978716371541
45,58,34,0.7786378922390886
45,59,63,0.7128754260510523
45,60,81,0.6590312221080814
45,61,26,0.741671580694662
45,62,73,0.8931204154912713
45,63,53,0.7176471920739427
45,64,61,0.878852474194713
45,65,48,0.7478238543576489
45,66,14,0.9266432571540804
45,67,52,0.8204572654437408
45,68,87,0.8221636202937619
45,69,58,0.7112613855645642
45,70,78,0.7659301523603618
45,71,52,0.8208545035763193
45,72,48,0.677972451980614
45,73,80,0.7032908283890615
45,74,87,0.7965839967731502
45,75,18,0.9234035930700477
45,76,36,0.7199118277976786
45,77,18,0.7863991060647066
45,78,11,0.7015477150531979
45,79,62,0.767331581913759
45,80,26,0.8109359057659206
45,81,18,0.7666978693494874
45,82,36,0.6889796850169801
45,83,65,0.8953688309557846
45,84,30,0.8311128346065239
46,47,85,0.7108918521608599
46,48,68,0.732632293257943
46,49,28,0.7837194742202089
46,50,87,0.8922697497461143
46,51,82,0.913771817440447
46,52,83,0.6617254370539428
46,53,92,0.9142982220327016
46,54,99,0.9027918421737431
46,55,60,0.8339082535134917
46,56,32,0.7745158275570008
46,57,89,0.8699731858791633
46,58,94,0.7050332956728087
46,59,60,0.8595934270598456
46,60,30,0.7321328831074144
46,61,47,0.8499970821655459
46,62,37,0.9226209413114657
46,63,80,0.6863691873743751
46,64,23,0.8013184527304896
46,65,62,0.7852807950187604
46,66,74,0.6633905495602656
46,67,91,0.8583457142314808
46,68,58,0.7530973145647886
46,69,34,0.7690022983501285
46,70,24,0.8627298815186403
46,71,95,0.8746028083508735
46,72,18,0.6747645889560027
46,73,66,0.6920767280551516
46,74,30,0.701176728692269
46,75,22,0.7031709811705604
46,76,60,0.7005360120778947
46,77,11,0.8532149425296163
46,78,55,0.7033820686116943
46,79,96,0.8096896414820101
46,80,16,0.9009503423455143
46,81,92,0.8487619825819368
46,82,23,0.7671855167083741
46,83,16,0.8294616051122525
46,84,58,0.880134271536182
47,48,57,0.9226269153621949
47,49,12,0.7765048191575948
47,50,53,0.8961579647484834
47,51,18,0.7161703555853931
47,52,95,0.7003648662358779
47,53,63,0.8037500301920261
47,54,51,0.8186162351670557
47,55,36,0.9302982104011683
47,56,64,0.6862411884197774
47,57,55,0.7470103483802562
47,58,93,0.7448720664053738
47,59,68,0.716028858123756
47,60,45,0.8449834986565472
47,61,18,0.9156380151627082
47,62,86,0.7998728073755708
47,63,78,0.8873779319015099
47,64,82,0.701437733140454
47,65,86,0.747306287247127
47,66,59,0.8533701567155572
47,67,98,0.6898794308276025
47,68,98,0.7453900925323849
47,69,71,0.6702540449837712
47,70,84,0.7846734696232633
47,71,39,0.8010260133165162
47,72,11,0.7197817713496388
47,73,25,0.7426545886018789
47,74,41,0.8359298685477442
47,75,57,0.7996179445757301
47,76,58,0.7113155990288531
47,77,86,0.9465654133540611
47,78,52,0.6902801035600746
47,79,15,0.8062618578786696
47,80,92,0.8938131621966997
47,81,39,0.9040804536630358
47,82,41,0.7117452305688972
47,83,95,0.9465128829665587
47,84,99,0.8658506659174949
48,49,58,0.8064415782428614
48,50,90,0.6518127979292353
48,51,18,0.9360983569751652
48,52,28,0.9314823579882532
48,53,32,0.8277891953636268
48,54,36,0.7208930384533656
48,55,69,0.7434388909432861
48,56,41,0.7772050325045783
48,57,48,0.7356058670053374
48,58,91,0.7104203014191853
48,59,71,0.674004791567504
48,60,60,0.763315246629192
48,61,64,0.8015877662809063
48,62,29,0.8958811423639004
48,63,12,0.8785787896396651
48,64,20,0.8776574967200839
48,65,86,0.8111593041259021
48,66,32,0.7271875166456034
48,67,68,0.7349677243273263
48,68,71,0.6715818949041533
48,69,70,0.7087147246779303
48,70,10,0.6538502816743891
48,71,57,0.7974361153048767
48,72,60,0.9411477910180255
48,73,72,0.7423432476245956
48,74,19,0.7726362754814318
48,75,25,0.7654478034350192
48,76,34,0.8788852567291958
48,77,54,0.8028825090284537
48,78,98,0.7604541622768091
48,79,59,0.927955626899094
48,80,41,0.7933176674720068
48,81,56,0.8392858141062236
48,82,99,0.849702691239119
48,83,87,0.7866412310546604
48,84,42,0.7242244406092524
49,50,94,0.902454769972177
49,51,21,0.8433192172160956
49,52,60,0.861820931552709
49,53,20,0.8055611131562646
49,54,64,0.6997470822105174
49,55,98,0.7406658697887811
49,56,94,0.915995265654002
49,57,62,0.8757386756160865
49,58,21,0.6827822215173697
49,59,54,0.894268406501517
49,60,36,0.9290050597823193
49,61,49,0.6519260920294199
49,62,72,0.6504735732753665
49,63,99,0.7753518816641614
49,64,46,0.8699126707709198
49,65,57,0.7059200116337401
49,66,72,0.7045952994434843
49,67,67,0.8201276402496631
49,68,35,0.6676946194840574
49,69,34,0.7278055749452422
49,70,62,0.7822191349271775
49,71,23,0.9105085975746072
49,72,47,0.6757121191421044
49,73,18,0.7526455753214657
49,74,71,0.7955583058434827
49,75,11,0.668316940067889
49,76,10,0.8495966834927621
49,77,15,0.6790525552877822
49,78,10,0.7626997409827669
49,79,44,0.9296385142637629
49,80,53,0.831311465269596
49,81,97,0.9170456588486078
49,82,40,0.9322973140207169
49,83,58,0.8332427175132369
49,84,52,0.8918810615692526
50,51,99,0.7705425070044849
50,52,27,0.6577041281802413
50,53,77,0.7338402590551867
50,54,41,0.7605289685396509
50,55,94,0.9109559203875052
50,56,94,0.7063804805348719
50,57,51,0.6549890912334113
50,58,15,0.9408792729844699
50,59,96,0.7832918477808505
50,60,61,0.8717613904459602
50,61,54,0.778374884141426
50,62,70,0.9460614390485115
50,63,22,0.8702833228964921
50,64,34,0.8635825920324656
50,65,83,0.8854585830646811
50,66,14,0.6883584063453787
50,67,48,0.8997062333071131
50,68,69,0.7004158554145885
50,69,24,0.7946505635886836
50,70,41,0.7134922463531039
50,71,94,0.8599727006765421
50,72,13,0.6980705833338279
50,73,59,0.8798926471479784
50,74,42,0.849779804370483
50,75,95,0.6869294330451109
50,76,78,0.8400644571902179
50,77,98,0.7498403352616889
50,78,83,0.8799012160089184
50,79,92,0.7529677339874439
50,80,58,0.8461758948313494
50,81,65,0.8925342445821332
50,82,24,0.7372929507963665
50,83,53,0.8721743656520555
50,84,24,0.8218517028564297
51,52,50,0.9362205856595823
51,53,10,0.7432396741104534
51,54,34,0.9041355789932881
51,55,50,0.8813842707090612
51,56,26,0.8059254147047015
51,57,38,0.6819757768406995
51,58,68,0.7447778675214218
51,59,47,0.9011649963682239
51,60,68,0.6942276074025007
51,61,95,0.9047382409899497
51,62,14,0.8296640924814478
51,63,98,0.687039203807978
51,64,100,0.8221915859243633
51,65,37,0.7985076575536172
51,66,58,0.6676437764938388
51,67,29,0.8983654082941255
51,68,38,0.8601222240978306
51,69,32,0.9070336390007391
51,70,48,0.9453168626465175
51,71,30,0.9473189644997547
51,72,53,0.7767312415195227
51,73,54,0.8773142555162967
51,74,77,0.8680263801285025
51,75,34,0.8603326011961375
51,76,22,0.6892702050285456
51,77,84,0.9097566294783468
51,78,100,0.7412222023104112
51,79,83,0.6912682878417158
51,80,47,0.9191654260713373
51,81,35,0.870595668966855
51,82,83,0.6805843524895261
51,83,28,0.7629667377853352
51,84,96,0.9024980273132538
52,53,22,0.7566751561481329
52,54,16,0.685204053626083
52,55,53,0.8280177170794191
52,56,90,0.8667651252537831
52,57,25,0.7222566263302672
52,58,98,0.8288466437635318
52,59,58,0.8827549428309385
52,60,95,0.8475556554413091
52,61,93,0.7646302758348347
52,62,66,0.7601969167849476
52,63,20,0.6866154689100796
52,64,75,0.7174805120148363
52,65,83,0.793849509821217
52,66,22,0.8883031143088914
52,67,71,0.9499862573547586
52,68,48,0.8214269298134068
52,69,18,0.8641304438759696
52,70,78,0.7054669545710024
52,71,12,0.7681389634819183
52,72,77,0.7965689787207506
52,73,84,0.8116945357182974
52,74,93,0.6872267985794877
52,75,94,0.9192806894719439
52,76,86,0.8585647668986116
52,77,67,0.8901538915506663
52,78,26,0.8225243088742269
52,79,21,0.8187488628702473
52,80,14,0.6753830983786175
52,81,48,0.7590678922078226
52,82,64,0.9431309296456616
52,83,41,0.7401799933154127
52,84,76,0.921385853997175
53,54,78,0.7834760862734654
53,55,98,0.7438808147370806
53,56,55,0.8318516400565419
53,57,98,0.6797027394085012
53,58,40,0.6610201847286679
53,59,37,0.9372268784065723
53,60,37,0.827534941641387
53,61,89,0.77660450355938
53,62,43,0.7645346939186057
53,63,61,0.7868203246964233
53,64,96,0.7776030092094823
53,65,78,0.7111288690653996
53,66,44,0.9486077807093855
53,67,34,0.8643334903690418
53,68,92,0.8961524624632912
53,69,63,0.8964703414294677
53,70,65,0.7636825703663599
53,71,41,0.673257379092556
53,72,24,0.8551937741377251
53,73,52,0.8420532466969806
53,74,52,0.8834212853161685
53,75,38,0.7320940360647366
53,76,38,0.763589705419055
53,77,25,0.7027194116856359
53,78,49,0.8266481149673683
53,79,22,0.8086880356421327
53,80,46,0.8154626695909812
53,81,16,0.7012242249801675
53,82,59,0.7042017452683439
53,83,96,0.9404000851260439
53,84,86,0.9146063428736404
54,55,85,0.6882716609367602
54,56,75,0.8639667983848407
54,57,28,0.7636401993801313
54,58,16,0.9255324931265845
54,59,57,0.8622507246826473
54,60,87,0.7754731246235671
54,61,66,0.9458738826677234
54,62,74,0.7360458983685589
54,63,76,0.9325031028355661
54,64,39,0.7415562293729974
54,65,49,0.771954435342353
54,66,21,0.8404030041682904
54,67,40,0.9334600845582044
54,68,17,0.6753755362557087
54,69,73,0.8925040756337783
54,70,64,0.8531099189266913
54,71,27,0.7938967842559632
54,72,96,0.9164241601506085
54,73,61,0.6541700786716191
54,74,10,0.8642480218968813
54,75,54,0.723267874108751
54,76,77,0.8552234305646873
54,77,67,0.9393942151260353
54,78,77,0.9211395857298417
54,79,56,0.9018226805328997
54,80,16,0.7768166806448427
54,81,57,0.9409185210911188
54,82,96,0.7249295670503223
54,83,25,0.737019421828936
54,84,43,0.713919783388602
55,56,82,0.7680864428374093
55,57,92,0.8046587038615213
55,58,69,0.9177481724718556
55,59,17,0.7567232191694329
55,60,52,0.7395051949185716
55,61,54,0.9170588829869782
55,62,55,0.6526591198921303
55,63,35,0.6754231338108254
55,64,29,0.773215715863949
55,65,10,0.696689120164769
55,66,38,0.791209603984711
55,67,56,0.7785024409566672
55,68,44,0.6826084978640883
55,69,66,0.6985502901819521
55,70,65,0.6517430656237231
55,71,100,0.7095393853872991
55,72,15,0.6901040994999096
55,73,52,0.92029934309037
55,74,35,0.9345127518757319
55,75,44,0.6856376918131754
55,76,73,0.8899460256436537
55,77,51,0.8753269719281629
55,78,61,0.8005575747623918
55,79,59,0.6894253010520327
55,80,12,0.687837073554565
55,81,11,0.8802154854337223
55,82,96,0.8989507280486992
55,83,86,0.8712294668138673
55,84,47,0.7346670109464136
56,57,64,0.7243241897619065
56,58,75,0.7060580706211927
56,59,24,0.9092500416864395
56,60,41,0.8498991343839677
56,61,70,0.8619382696957519
56,62,99,0.8691370140813304
56,63,34,0.9477655005191383
56,64,91,0.6946178299845401
56,65,61,0.6615099294644482
56,66,28,0.777890893111366
56,67,21,0.9093050332016245
56,68,77,0.7419337839636777
56,69,39,0.7165325708750885
56,70,17,0.8029591078171272
56,71,48,0.6830164848325687
56,72,54,0.8634756797956098
56,73,16,0.7045254872163143
56,74,94,0.8734264112747601
56,75,70,0.7340478060584112
56,76,65,0.7054520009136119
56,77,56,0.7502846441515312
56,78,95,0.6540984750158224
56,79,26,0.7493635200572805
56,80,56,0.8728796059909648
56,81,87,0.7614776855072056
56,82,36,0.8252981648982675
56,83,23,0.6891456215744286
56,84,25,0.6623116804358992
57,58,93,0.8952227455163753
57,59,67,0.9276501918553651
57,60,79,0.8357031107162638
57,61,70,0.9468933845184475
57,62,29,0.6631433318432389
57,63,80,0.863480938790423
57,64,81,0.9425378471925993
57,65,67,0.8389593915283513
57,66,65,0.670312548762904
57,67,74,0.8872655518841928
57,68,45,0.8590118683147883
57,69,15,0.9367408765096398
57,70,98,0.7070572750435364
57,71,73,0.8554082837681543
57,72,19,0.6996554660150668
57,73,59,0.8187495770589385
57,74,87,0.7314482566869064
57,75,30,0.8215693933169717
57,76,11,0.9137465050711348
57,77,68,0.8011453294182286
57,78,43,0.7410230514089952
57,79,100,0.7305543956581151
57,80,38,0.6636837397520969
57,81,15,0.8418846029374141
57,82,45,0.928174387215759
57,83,16,0.8427239372879796
57,84,36,0.8103784772370417
58,59,54,0.8398048637922693
58,60,51,0.6749738468522456
58,61,80,0.7292114542173138
58,62,88,0.7384686015351902
58,63,90,0.8947766468161527
58,64,38,0.8691430031476038
58,65,42,0.9414814114920165
58,66,84,0.6819328197597017
58,67,58,0.9336968913387313
58,68,90,0.8402916623749026
58,69,66,0.7161917112564959
58,70,84,0.8389401982897511
58,71,60,0.6966924431459365
58,72,65,0.7605920020081122
58,73,21,0.7987883527163718
58,74,32,0.7066579764403209
58,75,33,0.8442692815111076
58,76,30,0.9155759129920622
58,77,97,0.8323466230657279
58,78,19,0.7779185091970574
58,79,92,0.941115639513368
58,80,77,0.6911873885842367
58,81,11,0.8309880549454614
58,82,12,0.6830106545088341
58,83,92,0.9304033205890805
58,84,20,0.7302969429104826
59,60,86,0.6540490712055573
59,61,23,0.8127110505166608
59,62,100,0.6754895579866803
59,63,82,0.9177170875169176
59,64,49,0.7495268959080615
59,65,17,0.8130579315693107
59,66,79,0.6869226545569478
59,67,23,0.8133926301376637
59,68,63,0.6925505079356069
59,69,13,0.7180025423179613
59,70,55,0.8466093792472322
59,71,97,0.7654231422098717
59,72,24,0.7975461725210228
59,73,38,0.6805208763997252
59,74,55,0.6728869824462311
59,75,56,0.9269958822236259
59,76,15,0.8313519145945526
59,77,77,0.7504532194128889
59,78,64,0.6950660107130949
59,79,48,0.8374274816011544
59,80,23,0.731327983549761
59,81,57,0.9298645502300582
59,82,19,0.8866568379152836
59,83,29,0.8833352118488865
59,84,28,0.7671798723489688
60,61,71,0.8943949283673919
60,62,64,0.937875594332906
60,63,21,0.7469160236301385
60,64,59,0.7557826272829975
60,65,71,0.8580262503911157
60,66,91,0.7500395435204087
60,67,93,0.9264814710153075
60,68,80,0.7991306883217705
60,69,78,0.81086376865522
60,70,20,0.8242891811912977
60,71,83,0.8829777673486596
60,72,38,0.8609279939992358
60,73,10,0.7109838999671607
60,74,56,0.8175123404128692
60,75,24,0.6678732169673486
60,76,27,0.7384091864385941
60,77,80,0.9415458804324457
60,78,41,0.7132212106015275
60,79,27,0.6851707427845567
60,80,28,0.7632382349664305
60,81,64,0.7615052693801001
60,82,94,0.8244821222285262
60,83,86,0.9111430931646523
60,84,56,0.6923832477904707
61,62,11,0.8207549463906914
61,63,29,0.8796253111565661
61,64,27,0.8744321372973547
61,65,48,0.791055350180393
61,66,66,0.8844190723706346
61,67,46,0.6833799998966321
61,68,92,0.6596357321832483
61,69,74,0.6981046363954266
61,70,64,0.8539710632299824
61,71,80,0.8634220298294385
61,72,83,0.8005617312476798
61,73,64,0.9294350702095046
61,74,21,0.8064503134285516
61,75,26,0.8729404215779846
61,76,17,0.71567192388838
61,77,81,0.831525021437659
61,78,98,0.7905308287085956
61,79,92,0.7715299624813803
61,80,16,0.8910017781812208
61,81,34,0.73097586805016
61,82,56,0.8309570501270829
61,83,13,0.7218589751769757
61,84,23,0.6695957501498832
62,63,49,0.7063231428377883
62,64,14,0.7221005460675836
62,65,82,0.819439043950009
62,66,71,0.6637041838050982
62,67,49,0.6525436192316002
62,68,46,0.9376217068690129
62,69,50,0.8755526812165408
62,70,26,0.8607970431626284
62,71,62,0.918953354078795
62,72,74,0.8922482999601815
62,73,85,0.8888207891183608
62,74,14,0.7370358142880119
62,75,69,0.6736258578714815
62,76,39,0.9153206204227667
62,77,93,0.6922587881285527
62,78,74,0.804890239221481
62,79,93,0.8069861261477184
62,80,67,0.8856055575561469
62,81,56,0.8370412301777732
62,82,15,0.9172039792971964
62,83,59,0.7217331883508428
62,84,87,0.6724994867101661
63,64,90,0.948321358481473
63,65,11,0.6927867563806116
63,66,80,0.9102601028284738
63,67,21,0.799673678191261
63,68,31,0.9302167913964573
63,69,45,0.8229534872546679
63,70,19,0.7037558757751919
63,71,43,0.9458429928271344
63,72,66,0.8450876249167936
63,73,25,0.9415041936235131
63,74,56,0.9077009766249918
63,75,89,0.9251420349193769
63,76,56,0.8037437755871616
63,77,50,0.7621049286801156
63,78,74,0.7850276818785684
63,79,97,0.6628026722832331
63,80,17,0.8723127680806606
63,81,81,0.6523828837750008
63,82,47,0.7627465065379571
63,83,19,0.7169153870378948
63,84,95,0.6780509360483392
64,65,92,0.8105347266051021
64,66,23,0.6757467639005333
64,67,60,0.8804649951304072
64,68,52,0.6693414590894092
64,69,87,0.7958885048612248
64,70,70,0.6842979303264061
64,71,79,0.6967223352533587
64,72,91,0.7140410422984956
64,73,86,0.8822616570747304
64,74,56,0.8868677387314507
64,75,37,0.6662232545275082
64,76,97,0.7768761044811787
64,77,32,0.6750773850271208
64,78,61,0.6745127334408539
64,79,67,0.9113867389106494
64,80,95,0.9179220168131155
64,81,16,0.6777323780096097
64,82,53,0.9390097307112277
64,83,35,0.7547828777326829
64,84,70,0.8106518872577633
65,66,99,0.7810351960838415
65,67,83,0.766741390130704
65,68,86,0.7095679933081762
65,69,84,0.8349537122501818
65,70,50,0.6542560334887496
65,71,28,0.7998337005025924
65,72,96,0.7719159914466799
65,73,10,0.9464715818700766
65,74,26,0.8402879158764973
65,75,84,0.6792338163476124
65,76,34,0.7760528326700168
65,77,31,0.8302830078696234
65,78,36,0.9357130643527782
65,79,83,0.9365313366376705
65,80,56,0.6548573806180309
65,81,74,0.8957154554153043
65,82,73,0.8446735031881515
65,83,62,0.7555186935191107
65,84,64,0.8069509468393106
66,67,24,0.927904657667459
66,68,57,0.7030685481863176
66,69,79,0.780762849110879
66,70,94,0.8565651968425851
66,71,46,0.8606277867116998
66,72,22,0.9486089663675878
66,73,23,0.6768913820005013
66,74,62,0.6811025906273833
66,75,89,0.9281686727957437
66,76,66,0.8010084560094034
66,77,95,0.7369713377618162
66,78,38,0.8830640758304965
66,79,24,0.7086680714555292
66,80,25,0.7551841049662592
66,81,69,0.7738804226547336
66,82,100,0.8853905508096956
66,83,57,0.8846588162122739
66,84,44,0.9138821482479911
67,68,63,0.8519902435873921
67,69,63,0.6598023832191454
67,70,57,0.902230887450368
67,71,86,0.7452412888446971
67,72,83,0.9478487374559484
67,73,60,0.707798121011856
67,74,16,0.8903994938700057
67,75,26,0.9318175143814239
67,76,32,0.7709357058350101
67,77,30,0.7812204761005257
67,78,26,0.8012771139704571
67,79,60,0.9029092179883387
67,80,43,0.9012013633986685
67,81,51,0.7111287730036402
67,82,65,0.6534614368428904
67,83,29,0.658345500271245
67,84,20,0.8215381504201997
68,69,26,0.9450242574223271
68,70,55,0.7059665513926489
68,71,38,0.7390767519038072
68,72,41,0.8678937862367084
68,73,58,0.881117475615024
68,74,45,0.6748890107906816
68,75,12,0.841515970941181
68,76,23,0.6832794557343298
68,77,25,0.6821229960214392
68,78,33,0.677833142304528
68,79,56,0.9238157387934234
68,80,22,0.7973110872405204
68,81,19,0.79595518848125
68,82,36,0.8562009232191155
68,83,50,0.8400655394233072
68,84,30,0.70394193075319
69,70,32,0.8478999180360746
69,71,14,0.6851621418653038
69,72,54,0.7951732978111119
69,73,79,0.6515043664538598
69,74,42,0.9279749537741995
69,75,13,0.8107862532653767
69,76,29,0.7148919586841932
69,77,37,0.6588492855300152
69,78,20,0.8683231697043814
69,79,44,0.7320999446844493
69,80,21,0.7545660139055927
69,81,47,0.7901131244268889
69,82,65,0.8037969640188195
69,83,34,0.7250279445341814
69,84,45,0.9385613897282463
70,71,85,0.7434755388624663
70,72,72,0.7800415014092416
70,73,86,0.8741237810366017
70,74,89,0.682267733530616
70,75,35,0.8201426104148823
70,76,90,0.8958025069481125
70,77,14,0.9374292318031716
70,78,62,0.7380420638707625
70,79,92,0.9351134247298805
70,80,60,0.6589819851100072
70,81,51,0.7788160401379236
70,82,41,0.6717920993607882
70,83,57,0.6935119027931569
70,84,11,0.7455767423397878
71,72,52,0.7141317281098141
71,73,51,0.9196231921746926
71,74,59,0.7350842757563335
71,75,37,0.6808760581037969
71,76,87,0.9338813183084729
71,77,95,0.6724472587718406
71,78,63,0.8546395765756097
71,79,50,0.709445123815067
71,80,73,0.7995952905270275
71,81,63,0.6857777069302484
71,82,86,0.7480624279182503
71,83,83,0.6563806093149712
71,84,83,0.9463864296778597
72,73,46,0.6893174153007035
72,74,14,0.9187488575282701
72,75,15,0.751216960649436
72,76,70,0.6785359453332056
72,77,48,0.7324020638701089
72,78,61,0.6739301626900961
72,79,73,0.8336961940983074
72,80,99,0.9451900514690169
72,81,92,0.9401457583393271
72,82,57,0.9313111266895614
72,83,38,0.6643502715798986
72,84,23,0.9480621114139087
73,74,65,0.7179023768831598
73,75,57,0.8948442851816428
73,76,10,0.9302331068103937
73,77,43,0.9149958039483667
73,78,16,0.9341434582418726
73,79,52,0.8563764787005275
73,80,58,0.7309736163139302
73,81,27,0.8250359612569819
73,82,50,0.9085684697657856
73,83,62,0.8410710940810584
73,84,76,0.8082766784143227
74,75,94,0.7970311521955195
74,76,71,0.7177491555179641
74,77,47,0.8634144129219523
74,78,41,0.8478442333202084
74,79,36,0.8584895195320622
74,80,73,0.668080078540315
74,81,37,0.7904451172467577
74,82,72,0.6813604153851796
74,83,85,0.8784807596973582
74,84,50,0.8781463875123441
75,76,68,0.8465868014559126
75,77,23,0.9242375793979924
75,78,56,0.7656727246382788
75,79,89,0.8040392127700613
75,80,34,0.6705917930852736
75,81,97,0.7421440339494376
75,82,92,0.6806193049563983
75,83,23,0.8735077979643624
75,84,68,0.7061089298131094
76,77,94,0.8092656227632782
76,78,25,0.9280783158920055
76,79,65,0.7136198076992185
76,80,65,0.8023780472585696
76,81,44,0.7609342025916562
76,82,58,0.8696004828691928
76,83,47,0.706834890103397
76,84,45,0.8088688260483328
77,78,65,0.682755368235321
77,79,41,0.937691515187359
77,80,16,0.9185175382398545
77,81,40,0.6697542157742346
77,82,38,0.9147800869201587
77,83,61,0.7675724269290688
77,84,98,0.7304800849299989
78,79,36,0.7542899339725805
78,80,86,0.7363935896766535
78,81,33,0.8009720457519198
78,82,71,0.8717272251218353
78,83,98,0.721585845582707
78,84,18,0.6999936361328015
79,80,68,0.692550096576459
79,81,70,0.7783767648057359
79,82,43,0.9143772581450128
79,83,11,0.828201546562039
79,84,84,0.6503019418306067
80,81,70,0.6828157992180657
80,82,82,0.8540138780856426
80,83,39,0.807580755285501
80,84,28,0.8825769657505529
81,82,52,0.7857849057555091
81,83,79,0.727201853685249
81,84,56,0.7876252286439263
82,83,48,0.8630471453079704
82,84,94,0.9070868481661254
83,84,86,0.795306451870712
